id,price
0,79375.2250537
1,165510.434052
2,70773.2784512
3,27561.1148879
4,158407.185492
5,15209.4545721
6,56391.5372465
7,97285.0348648
8,159518.845496
9,245658.644963
10,20352.6394605
11,105158.506388
12,267144.820083
13,65124.8881669
14,33484.1087361
15,57762.0148012
16,45605.4681848
17,37229.3241755
18,40572.3032615
19,121705.300159
20,187229.442369
21,26212.7010161
22,95832.021222
23,31444.5098325
24,24071.8154934
25,84282.3980139
26,23098.6132441
27,89334.1404608
28,19458.5351728
29,15138.6712117
30,121890.284712
31,97624.1473978
32,33316.5377541
33,93347.8499416
34,24322.6923343
35,97249.3579683
36,66715.469783
37,71156.0928303
38,20606.5241407
39,92386.7612702
40,74592.0242624
41,43863.0559084
42,37007.0731324
43,97729.0878463
44,169513.819021
45,58870.1070727
46,46416.0687911
47,49602.0610723
48,173364.018563
49,260554.233725
50,465070.023597
51,24357.0541321
52,29595.0455189
53,19104.133728
54,27701.1029774
55,70997.6870184
56,58756.1246437
57,38766.9300192
58,53750.9972502
59,72960.9611073
60,44587.2617604
61,64443.1204287
62,145048.963997
63,115736.371043
64,103289.927221
65,76515.7119966
66,91755.6777223
67,149704.425115
68,26864.0805502
69,149267.769893
70,134448.510729
71,78600.6727407
72,25372.8874405
73,56697.4347252
74,31657.8422316
75,158105.525413
76,24545.3186365
77,41663.3827156
78,26884.1869433
79,86543.6159838
80,75393.201614
81,148641.371892
82,79097.3998699
83,126247.499174
84,70162.2920989
85,29035.7775161
86,60832.3878712
87,110545.677575
88,114555.459841
89,88094.0802959
90,30720.5637878
91,45718.4713647
92,108647.236158
93,23533.373918
94,61670.5031353
95,37843.5514701
96,62041.7032325
97,123301.419773
98,43897.3616508
99,92920.2622145
100,3308.37934177
101,47513.885209
102,46345.6994735
103,172866.071713
104,47184.7680412
105,59845.7523474
106,117258.677803
107,179497.915792
108,9716.4558601
109,80421.5129597
110,100072.687359
111,252254.03957
112,126708.841197
113,36675.3077368
114,75858.8720681
115,37506.8468883
116,20261.665578
117,46825.6575443
118,61337.3845789
119,49112.3707672
120,110340.311954
121,252197.115236
122,317705.17292
123,92919.4378829
124,7532.85015487
125,43166.514795
126,24530.9605604
127,86438.5631679
128,36941.8155811
129,16766.1704752
130,36701.2740326
131,93743.9751455
132,35797.8480397
133,100296.067866
134,77856.6976611
135,40411.9791459
136,65404.9307929
137,33561.6115753
138,67678.8425218
139,56091.0104026
140,27485.3357417
141,76582.0620611
142,45095.3104995
143,300937.88155
144,139190.995106
145,23169.2240997
146,63447.7509351
147,29954.7869706
148,175159.637224
149,148049.827598
150,112091.553017
151,68695.5968142
152,121880.137719
153,293852.199792
154,115538.824661
155,35346.9503716
156,54996.4614508
157,25949.8709529
158,190395.748508
159,48045.4188704
160,50515.7078481
161,3452.10529047
162,45651.6980321
163,85152.4389161
164,52046.9342844
165,95431.7180361
166,113219.578799
167,54503.2703393
168,86287.4494548
169,74290.4150578
170,59927.6423128
171,67084.3273692
172,273079.774464
173,61712.8072207
174,74307.1635002
175,94527.439641
176,81636.2264073
177,70104.3806848
178,56746.9286682
179,106584.553237
180,88145.4514885
181,41903.3240769
182,104715.988458
183,53382.7745553
184,95201.6119231
185,18461.1936147
186,53016.8939048
187,73265.6998201
188,65165.1471984
189,207118.206408
190,114057.953989
191,60858.0072368
192,24445.9315732
193,74018.1002908
194,89230.933605
195,75715.5265637
196,36278.1352468
197,63812.953159
198,62774.7529589
199,118082.454622
200,20606.4199434
201,44952.8784089
202,78032.2112042
203,68624.4704614
204,54820.1201085
205,35689.6513943
206,138113.576192
207,106474.919607
208,297369.302009
209,6245.17062983
210,41278.5934622
211,66185.9714324
212,49135.9836995
213,28363.1618941
214,84794.0415277
215,61198.3360835
216,24351.2593835
217,66093.0158926
218,87114.1071977
219,25175.7358706
220,44866.57864
221,116191.464749
222,55575.0913341
223,50724.0450917
224,101149.82942
225,11576.4648259
226,39357.7824905
227,29114.6303159
228,69294.156635
229,77621.5700356
230,76643.8838979
231,46736.969244
232,28815.9196344
233,80841.9355091
234,120414.532071
235,96392.2207006
236,169321.051401
237,83041.9195839
238,81905.0329506
239,193131.885384
240,82315.7325198
241,63465.9012634
242,107805.407803
243,30788.8732021
244,65791.2913733
245,41275.9977379
246,131795.606584
247,79526.7989324
248,67782.8016882
249,92538.1295445
250,324821.95086
251,107312.114084
252,19905.0003553
253,87437.9020624
254,52456.6618093
255,88605.8195585
256,56404.204879
257,52330.2546373
258,39907.855427
259,110113.770803
260,55028.5806589
261,23660.7624737
262,29702.8489192
263,67526.5540933
264,66598.6350363
265,185799.56484
266,21880.7898761
267,73550.4414064
268,246402.223327
269,27313.5336882
270,32547.2302222
271,86697.0616347
272,92543.7968332
273,54640.3566586
274,52164.3535626
275,80681.0926326
276,52902.4547954
277,23527.9217606
278,16865.440611
279,52791.6526259
280,171297.549014
281,55521.9975928
282,44420.295718
283,31797.1361777
284,62618.3519896
285,207845.09155
286,115155.464131
287,68573.5744448
288,76346.1410227
289,128781.591566
290,93346.3322066
291,92599.0069163
292,90606.3693692
293,158469.854525
294,73486.8334079
295,77861.1438109
296,46553.0228121
297,197248.717252
298,10257.7355685
299,300290.723349
300,63505.2605143
301,146917.410026
302,64116.6537839
303,25398.6893004
304,147575.839613
305,72385.045595
306,64399.2290684
307,63922.7234795
308,21540.7442421
309,66685.4609109
310,33878.4762044
311,58365.6570167
312,78452.8163062
313,40320.8323841
314,43783.7471199
315,367159.084278
316,151789.003591
317,20407.931514
318,43706.4230682
319,63617.4260693
320,22355.3985546
321,53393.8600352
322,64586.1192471
323,158044.466553
324,129222.247449
325,75933.6396174
326,23328.5570933
327,84465.0809885
328,99509.1687845
329,217490.341864
330,118253.101864
331,52625.259632
332,36062.1867874
333,61045.6427758
334,39444.9916652
335,78675.9516028
336,27089.354413
337,34815.2959451
338,54382.4269602
339,19885.6668471
340,105250.347303
341,62079.8504159
342,79596.3566175
343,140346.201896
344,73392.3205427
345,337410.216427
346,89762.564764
347,212249.376468
348,27717.415266
349,71356.3350284
350,112829.602392
351,127702.601253
352,141010.332821
353,65569.8006671
354,69805.6682782
355,79356.1959282
356,72133.3739244
357,63709.4244516
358,32704.2311924
359,15099.4499219
360,79232.740607
361,143496.733268
362,24362.0799727
363,43255.6850671
364,9940.93525115
365,46519.7600431
366,34704.3373693
367,86086.6874149
368,129210.542681
369,305688.241866
370,141028.880676
371,82106.9234054
372,80148.7587014
373,120732.387539
374,81056.3008759
375,84669.7736189
376,91479.2555891
377,38559.1433531
378,100511.992805
379,200358.762136
380,65671.995673
381,35921.33992
382,51298.9136193
383,79320.6680354
384,215866.540402
385,65307.3878711
386,75538.1328918
387,29314.4344723
388,126917.556832
389,20015.8730987
390,60960.7103715
391,98493.1311676
392,231223.946655
393,81184.2407077
394,77169.7158262
395,73164.023913
396,138722.894543
397,55247.027837
398,42759.1904973
399,68804.9254806
400,17866.5388248
401,19769.9947348
402,35523.1943374
403,61775.2818331
404,55429.8334096
405,81434.8833839
406,301212.874581
407,125038.161198
408,76997.9407851
409,43319.0446951
410,45697.2093068
411,56799.0902789
412,100528.610506
413,96693.8038169
414,27778.0031826
415,89593.1216511
416,44375.0433257
417,27298.6569974
418,68642.4219845
419,185073.789236
420,101321.884297
421,64987.6770948
422,117613.64061
423,129978.290926
424,168970.883786
425,45908.1130317
426,111357.43752
427,88682.3497118
428,82788.4854264
429,64221.6700606
430,313485.69153
431,102341.663623
432,84614.1153218
433,31205.521147
434,27011.9886448
435,53003.4978772
436,94370.9099917
437,68875.2813962
438,113431.720075
439,76418.0784964
440,56163.8613612
441,76569.9238118
442,14499.6812012
443,182804.363296
444,180418.093281
445,180813.210965
446,185609.638442
447,237621.280558
448,53408.8470024
449,25916.7931164
450,70259.5030847
451,63336.1553347
452,20750.8700786
453,99262.2355336
454,53225.1325479
455,72309.6890241
456,85913.8510099
457,31734.4821991
458,14718.2999782
459,113139.098038
460,13014.6097909
461,79212.0668621
462,56419.3023268
463,60281.6289713
464,151081.461346
465,137928.839557
466,77596.4157229
467,56049.4777509
468,60377.6952603
469,119781.871481
470,64806.644598
471,108653.476532
472,89956.8455594
473,64793.0632128
474,108673.913537
475,106579.614522
476,49977.06486
477,81678.6053189
478,90708.4644029
479,49699.5341567
480,65613.3748073
481,89714.0227582
482,28795.645896
483,42592.4500777
484,5086.08673921
485,40041.3741404
486,17050.2022324
487,68180.9177831
488,60373.9689201
489,122160.825727
490,50000.7929696
491,59546.0307442
492,53329.7130437
493,41461.9019571
494,114171.084867
495,63208.6235129
496,21133.1016853
497,23368.6653529
498,31713.3804811
499,44860.4330805
500,42743.2556395
501,14193.8565013
502,83751.5041874
503,98787.8129849
504,23925.7285181
505,124274.146266
506,87602.3912885
507,105081.519283
508,36592.4945558
509,102142.643427
510,207297.221379
511,125830.267845
512,66963.5416195
513,113609.73641
514,69050.5539952
515,52856.1009159
516,163393.741002
517,78956.9794879
518,12039.8569342
519,49883.2306123
520,220781.072086
521,27009.1779602
522,65189.8591246
523,30255.8197728
524,26387.2510988
525,352928.904379
526,43553.2200788
527,97849.0850269
528,59705.3233746
529,62928.0618302
530,48800.4086952
531,26770.5072677
532,38802.9496151
533,85677.2349166
534,170345.684018
535,131512.288358
536,38067.1095572
537,16972.1702607
538,72288.7405171
539,166797.252671
540,50759.0752985
541,64725.0759058
542,50494.0211486
543,11822.2517419
544,52968.667397
545,15868.7729958
546,82743.8277505
547,84607.513599
548,20346.3920632
549,61479.2419115
550,119284.323523
551,149451.068769
552,69299.410295
553,41216.0032332
554,70922.5251864
555,255443.886088
556,161346.4898
557,81216.3586306
558,42285.2668343
559,123535.124889
560,42825.9994729
561,15812.7632968
562,51802.6642087
563,63405.8550283
564,130196.726122
565,28964.6706502
566,32844.3439018
567,29435.506724
568,76051.7391797
569,128089.094374
570,92859.3071154
571,45996.9764945
572,56828.7244761
573,83956.9925397
574,76886.601042
575,44085.9079429
576,27212.6698579
577,92640.4702709
578,55222.5126824
579,69779.2099727
580,22441.0317371
581,124166.117148
582,41152.8175296
583,105128.028119
584,46413.1242934
585,9802.86430076
586,75229.3389184
587,26413.699248
588,69711.6351286
589,42107.0273202
590,46671.9444099
591,64639.8101049
592,49348.8681307
593,47402.1946756
594,113974.343633
595,29700.3847355
596,91813.4670495
597,17050.643383
598,48446.8048205
599,84890.0132838
600,40075.1915581
601,78643.6218886
602,46712.3433901
603,130834.426098
604,25643.1893694
605,105293.471102
606,26138.3575778
607,59389.071509
608,16535.1702863
609,132359.843184
610,26100.7939299
611,116601.008716
612,100937.044705
613,123990.615477
614,195458.749395
615,117140.207179
616,104969.012147
617,125033.858873
618,54910.2909791
619,210729.029675
620,117603.705366
621,42428.5328839
622,23848.2953931
623,77703.353916
624,59552.9560572
625,111236.736515
626,62576.4462663
627,118186.885651
628,55538.5425081
629,176008.678685
630,59094.8285113
631,21738.5774472
632,156746.651576
633,60726.7221356
634,43308.7821554
635,137965.434164
636,41611.6826125
637,49886.0152946
638,52301.2957817
639,41598.0278521
640,27169.6623858
641,27477.0956364
642,87712.4562355
643,217617.341158
644,59280.5739907
645,20779.3334077
646,123526.021346
647,64667.9048346
648,43827.8787696
649,119916.587968
650,50242.7911263
651,67831.4425718
652,101482.909277
653,227318.935906
654,47339.9842057
655,60250.5732509
656,74202.0505452
657,75616.2859708
658,26100.475284
659,57060.7027755
660,122983.306667
661,29896.5038748
662,189198.751333
663,44107.8738972
664,98979.7469417
665,4351.1602043
666,116954.545013
667,86114.2131097
668,86467.9781192
669,42519.4177116
670,43932.4394061
671,36219.2204482
672,89422.7693839
673,58014.8938587
674,61043.3495452
675,71795.4056964
676,14407.1399639
677,100882.265864
678,48714.175905
679,20677.5309966
680,104872.55168
681,98334.7811587
682,31037.0908182
683,32589.812393
684,37241.3660101
685,26782.3996984
686,44988.5440052
687,18229.8948122
688,196413.487315
689,53461.1042482
690,84304.8630604
691,88459.1149601
692,51167.2159322
693,67506.7709132
694,65741.7885515
695,53279.0585709
696,40113.6224449
697,37768.8507852
698,25739.2740006
699,19908.8528325
700,166318.947805
701,63391.3524764
702,147609.391926
703,154623.210788
704,65283.2597238
705,25041.2942305
706,205594.498069
707,184409.081869
708,44762.0717238
709,32999.7272178
710,114693.403852
711,47825.9092167
712,79353.3028139
713,52468.5210612
714,191012.721414
715,181784.875332
716,165412.738056
717,43567.0594555
718,40781.8931043
719,85286.2676317
720,84165.7067601
721,125742.65455
722,23705.5890103
723,57472.3196276
724,26504.6360977
725,72000.5886955
726,88742.0838019
727,81175.4492313
728,198263.079153
729,26518.5279757
730,40900.9168595
731,57901.4247758
732,85696.3987804
733,16992.0349596
734,18733.7277302
735,47969.7974797
736,56179.7868686
737,63439.8992783
738,30982.5725883
739,51186.480441
740,23351.4535198
741,85350.7236063
742,189020.107625
743,53768.7978757
744,92485.9679944
745,21555.3047165
746,77488.5003211
747,102929.001399
748,37417.137674
749,72365.608086
750,51226.8816761
751,40801.7627832
752,19324.6343926
753,122602.656464
754,276454.313716
755,44469.311472
756,54814.1088266
757,45780.140062
758,92376.6212976
759,13101.2594765
760,52601.9359925
761,9483.3968812
762,81105.0304476
763,96365.6585151
764,42162.5521736
765,100608.951038
766,90054.849959
767,25837.6294314
768,46924.9606458
769,84881.5678162
770,155227.660107
771,32981.9208812
772,47079.9791714
773,81650.3418079
774,8806.77546994
775,226212.5753
776,24480.1559104
777,109490.547067
778,103596.224538
779,139821.442581
780,80930.3447145
781,47615.3665689
782,93601.3569915
783,101297.062873
784,160120.178945
785,41163.0598032
786,159056.762648
787,83108.6986963
788,127150.024069
789,172314.661695
790,14078.6458894
791,19805.4314504
792,30853.9289253
793,89614.3021747
794,67837.1056445
795,8028.90775214
796,116530.028951
797,35452.387231
798,12013.8503762
799,95837.1861371
800,54000.8989972
801,96429.8729681
802,101612.312832
803,102434.925778
804,71359.3050675
805,66354.2785499
806,64515.1981744
807,33253.1687716
808,110090.519839
809,20799.4951115
810,28780.6214157
811,123413.524339
812,123421.27487
813,116956.088233
814,88689.227799
815,73988.4002899
816,86693.1003841
817,49740.4635931
818,19626.0272869
819,61401.4750536
820,139984.38598
821,35237.8331188
822,35811.0627087
823,108388.221188
824,109098.451939
825,66138.0769759
826,15658.5901196
827,116797.735067
828,59451.1689064
829,20370.3650668
830,117653.647145
831,88546.3463168
832,52213.3294642
833,95182.0092307
834,70076.6350038
835,184217.291135
836,82396.6412501
837,20131.9641454
838,105944.262669
839,25408.2129987
840,68406.1497331
841,66670.3398621
842,65430.5576547
843,133961.915685
844,256242.508463
845,106376.269072
846,25243.2369208
847,132933.718978
848,73697.0753904
849,31591.7421089
850,95238.873987
851,84386.9531294
852,76009.7992078
853,115466.002184
854,91192.4341616
855,38011.8007445
856,72069.1584718
857,234682.957316
858,78416.2488278
859,20281.2750741
860,17454.9053513
861,73354.8375158
862,18311.2176351
863,240132.226905
864,51613.5665317
865,25039.6339811
866,65925.4685231
867,73013.4098075
868,39806.168081
869,164616.248754
870,83087.7690815
871,116464.854651
872,35430.1119588
873,62141.8848936
874,18268.4245156
875,83195.449715
876,40722.760086
877,60887.9964319
878,95958.1200894
879,97675.6936896
880,47672.172208
881,60597.7682475
882,14952.5830753
883,57251.8854244
884,83627.6069965
885,72412.6646812
886,58424.1669651
887,44420.1856998
888,48957.556364
889,148434.782831
890,36519.9663967
891,137106.241088
892,38288.3527365
893,62064.0461291
894,44884.0142285
895,97532.5641526
896,80559.431564
897,81563.3260126
898,119979.175731
899,290917.065438
900,203942.237376
901,36731.290104
902,42922.2286647
903,35154.0559088
904,109219.59757
905,19248.8608143
906,171511.589077
907,48034.2283406
908,75907.9902847
909,107559.288495
910,56947.6184109
911,48107.7138155
912,51860.7167341
913,83967.207435
914,123359.091211
915,45639.9434266
916,62237.2370447
917,70207.8122679
918,72740.785947
919,49263.526151
920,53381.5738745
921,95047.2370037
922,42140.8740754
923,131951.215108
924,71912.2576554
925,68982.8088546
926,113700.335153
927,109455.642329
928,134305.618368
929,287002.063259
930,25322.4843195
931,32442.5776807
932,129547.960462
933,52515.3274354
934,152421.863554
935,59280.2835604
936,88426.6845871
937,21421.9745487
938,125138.193822
939,191759.040887
940,54984.67105
941,65642.0750324
942,55812.1321427
943,12747.1794645
944,437121.152874
945,12224.3211301
946,104140.041367
947,167249.826981
948,40611.5791526
949,68136.5680966
950,80467.9962215
951,124607.664713
952,93427.6111761
953,47043.8738591
954,226783.592341
955,112566.547135
956,85993.9857896
957,59892.113517
958,152580.935358
959,143227.46609
960,66620.0959813
961,74079.9250205
962,127897.292549
963,122802.94217
964,80192.9974612
965,51286.1855432
966,63713.9738366
967,131525.355994
968,35996.536507
969,57005.6994665
970,8543.40758932
971,53598.9593593
972,189353.443259
973,108407.465468
974,23157.7501454
975,43570.0402272
976,50794.1682063
977,53071.2788308
978,51755.2815135
979,45089.3839427
980,144250.639859
981,136486.64451
982,74374.2682919
983,33007.2653708
984,34030.0594936
985,31253.1036568
986,29411.997226
987,120888.205816
988,27813.1132112
989,46362.6485423
990,45735.5472822
991,42718.7911579
992,55315.8390014
993,87865.607397
994,83115.3673633
995,104710.332603
996,281470.164152
997,105295.644217
998,57825.0274487
999,55396.572005
1000,20193.9043209
1001,48180.1771748
1002,57188.7517779
1003,67314.8505693
1004,16097.4832565
1005,52960.7060018
1006,63523.8455269
1007,46658.1810538
1008,40984.5386262
1009,7823.27604837
1010,41928.8431532
1011,93932.5868308
1012,53993.5495962
1013,7690.6941858
1014,29050.2913275
1015,67803.0606474
1016,37949.3711735
1017,57583.2590662
1018,115289.24789
1019,24466.3754092
1020,54115.2249836
1021,33987.0076465
1022,21993.7530619
1023,123801.918623
1024,237211.221263
1025,119883.032364
1026,24212.1579168
1027,60411.8306896
1028,107584.30326
1029,44043.505236
1030,15419.5031474
1031,55969.5652719
1032,112640.545184
1033,182740.350762
1034,105188.893092
1035,16959.7309007
1036,60160.5230309
1037,67659.1699864
1038,81327.2046828
1039,72783.4475062
1040,45950.706445
1041,72524.4862069
1042,41189.4248031
1043,45464.6469114
1044,127645.89845
1045,159885.407356
1046,102776.481533
1047,102153.498341
1048,160215.038731
1049,48423.2321106
1050,80474.7814972
1051,79892.2292222
1052,67943.1302902
1053,69509.2841835
1054,64300.4295107
1055,76773.5353844
1056,42835.5653231
1057,92783.4370481
1058,41452.9073048
1059,37538.565759
1060,55024.0376036
1061,122954.417361
1062,54248.716097
1063,139943.609772
1064,28998.7037845
1065,105933.969244
1066,55819.5903539
1067,83202.6305376
1068,45305.4466658
1069,31832.8612605
1070,25246.8458443
1071,75626.6533451
1072,27559.3232724
1073,218089.721573
1074,15725.2428976
1075,101995.834275
1076,46778.6381536
1077,33303.0624583
1078,173522.011461
1079,162873.191736
1080,26273.6063851
1081,56296.4161176
1082,80737.5289019
1083,80372.1193919
1084,101402.693143
1085,105003.704829
1086,49051.7963223
1087,125671.907463
1088,106947.111944
1089,40672.7175052
1090,90720.6248903
1091,67087.5986445
1092,123503.921084
1093,82305.9863399
1094,42584.3749844
1095,92586.8200025
1096,73843.392652
1097,46948.3887442
1098,51109.3232217
1099,240598.271334
1100,98419.517485
1101,66427.1501266
1102,26520.4151652
1103,84434.0707144
1104,72529.725771
1105,69808.4738416
1106,84370.9383431
1107,103266.187905
1108,472086.807883
1109,104015.459762
1110,84103.7454719
1111,71694.8440714
1112,71888.2763213
1113,96759.7363017
1114,133252.143734
1115,95547.9926465
1116,49057.0490304
1117,54863.5299514
1118,47921.349401
1119,70010.3615788
1120,56586.7823234
1121,56249.4671251
1122,56501.7138893
1123,189777.814596
1124,37803.426005
1125,48414.3377345
1126,74762.1112838
1127,29748.2785084
1128,81137.3565897
1129,87138.9775404
1130,71533.3083025
1131,69149.7203769
1132,131120.963145
1133,80890.744633
1134,45093.6377453
1135,66077.25462
1136,156614.739315
1137,192642.63977
1138,75582.0581868
1139,20762.8293667
1140,123657.683343
1141,53361.981564
1142,91116.0042652
1143,61888.5273671
1144,55984.9849566
1145,51594.0160038
1146,14432.0691203
1147,218434.900434
1148,42908.355842
1149,50564.3288935
1150,23464.1635993
1151,106609.183071
1152,44134.8223807
1153,39619.6318005
1154,35941.8875567
1155,136998.135122
1156,114745.338467
1157,83721.0873304
1158,63099.7466267
1159,36075.6654179
1160,82110.4422261
1161,33621.5025336
1162,127999.902648
1163,53924.1015153
1164,47405.3642022
1165,56757.4555017
1166,54547.2737752
1167,81966.8548603
1168,22537.0492957
1169,97961.1672025
1170,63902.7163118
1171,46464.0625504
1172,71406.4883487
1173,31472.8419727
1174,112815.846404
1175,60556.7430979
1176,111927.561891
1177,95664.0434082
1178,90813.3568933
1179,51640.4718825
1180,81201.573149
1181,80030.9188371
1182,72042.7822187
1183,362710.93368
1184,116391.518274
1185,56293.7115161
1186,208865.576624
1187,56320.9134024
1188,215432.88665
1189,59193.521694
1190,66978.5587234
1191,70537.7488095
1192,58791.0169772
1193,85206.2460321
1194,176742.528267
1195,72473.8884452
1196,67504.1485798
1197,89698.414933
1198,162017.272205
1199,179418.851808
1200,24515.0152382
1201,65377.6885545
1202,16504.8429208
1203,171039.13771
1204,62100.3503861
1205,60975.7685357
1206,81941.216387
1207,53846.5204262
1208,46202.0609145
1209,42648.6080643
1210,61046.3787535
1211,92426.1070387
1212,28149.2373638
1213,36698.2799268
1214,107036.560062
1215,69129.481073
1216,66135.9487142
1217,59537.4979577
1218,39781.0960565
1219,57457.2191971
1220,42381.7575132
1221,130779.33593
1222,22636.2447781
1223,53047.9412577
1224,38474.8457821
1225,3347.30842285
1226,75452.7011286
1227,87425.5937424
1228,72513.7659465
1229,25153.2859084
1230,103937.340674
1231,62597.2918233
1232,64407.5309379
1233,43127.1930874
1234,51902.6643184
1235,102730.297376
1236,38061.696071
1237,56655.0024836
1238,41249.1397755
1239,28180.4580623
1240,94206.7875623
1241,59054.7175219
1242,12780.7863539
1243,145704.220009
1244,35306.3502467
1245,30167.9285327
1246,86303.9988801
1247,99298.3722017
1248,15458.1228479
1249,33193.4067804
1250,11570.9815244
1251,130843.988214
1252,11196.5262901
1253,54983.7709415
1254,53656.4674401
1255,37207.8663865
1256,67197.7818961
1257,53849.5171491
1258,159889.730186
1259,60268.0614054
1260,52140.5118484
1261,110525.169868
1262,50800.3328236
1263,134481.881847
1264,30503.7697298
1265,92898.7726184
1266,24517.8684519
1267,65672.1040386
1268,88329.8820436
1269,71827.302255
1270,41062.1375247
1271,205501.27129
1272,107573.35743
1273,80900.4455288
1274,49336.2867795
1275,52760.7478003
1276,79042.1555465
1277,12962.7464934
1278,79013.9089177
1279,50002.9956586
1280,68211.173621
1281,57889.4553537
1282,53361.1511676
1283,55439.457962
1284,75411.9622223
1285,79071.7559881
1286,123228.571365
1287,17662.6341192
1288,66051.3769837
1289,22834.5183751
1290,61337.0277997
1291,9337.38420744
1292,81227.3943073
1293,75736.4066012
1294,35890.2020043
1295,44542.8093429
1296,31749.2724688
1297,23916.9875295
1298,71511.8710407
1299,18313.1250904
1300,94799.0595956
1301,103467.153277
1302,39238.1887653
1303,19098.2308252
1304,22622.1018612
1305,69237.3969343
1306,57157.6489069
1307,89034.8260637
1308,83050.5031424
1309,57499.055161
1310,55117.6460589
1311,69112.2839773
1312,88282.6807926
1313,80877.885121
1314,99392.9445608
1315,83383.8380498
1316,102007.696211
1317,45325.9076194
1318,69812.5309484
1319,38942.1280863
1320,51447.3773552
1321,100100.688242
1322,73461.1507798
1323,9979.34029025
1324,75997.5748404
1325,79448.0513714
1326,45534.8869947
1327,82687.459035
1328,17540.603039
1329,82991.732217
1330,59169.9427392
1331,70933.3401148
1332,53911.3266308
1333,26863.7770709
1334,84513.5852039
1335,55090.1143289
1336,29939.1421008
1337,176754.240787
1338,35960.2931283
1339,110581.22213
1340,84510.5780976
1341,52878.2483646
1342,78205.9138546
1343,7730.64542029
1344,126530.162236
1345,53669.5537669
1346,68027.3315402
1347,82833.2186754
1348,70512.0077823
1349,179968.054643
1350,52643.4583427
1351,75935.8162046
1352,37799.5098975
1353,57393.059123
1354,180709.028763
1355,136574.065114
1356,81779.1326505
1357,72485.2271137
1358,206523.103754
1359,210089.66585
1360,44822.045693
1361,36181.1266153
1362,80763.4457843
1363,81196.0462209
1364,47307.8493552
1365,70605.6860502
1366,84806.4537827
1367,69088.3640712
1368,55846.8098372
1369,18446.659146
1370,77454.1603349
1371,27988.380518
1372,81432.9234672
1373,91590.0958638
1374,43990.3459594
1375,86207.6763411
1376,64940.828374
1377,70994.9447626
1378,117073.444067
1379,94658.7091084
1380,145816.033155
1381,55450.3221777
1382,113067.186455
1383,77475.7538468
1384,68593.6794811
1385,37007.9855226
1386,92858.3403878
1387,51773.4102765
1388,20036.2649256
1389,73999.624772
1390,147515.043408
1391,41687.4247903
1392,46673.3493542
1393,18133.4814978
1394,55160.2882773
1395,106260.612553
1396,79035.6714632
1397,82954.7965156
1398,47325.2805188
1399,39046.7668238
1400,15732.8999524
1401,66195.703262
1402,22350.8365177
1403,52162.7239578
1404,33069.7959057
1405,65323.3934373
1406,21603.0742614
1407,101845.062136
1408,52765.5427382
1409,108089.292374
1410,32795.5758245
1411,156960.191036
1412,67444.3882925
1413,166396.572802
1414,86243.1973294
1415,120717.41247
1416,57165.7638838
1417,43526.8925492
1418,74515.9463662
1419,31752.4526515
1420,49119.7042329
1421,19863.0638397
1422,159028.285148
1423,73737.4847445
1424,94798.8383212
1425,54101.7840176
1426,81430.9538985
1427,49628.5112438
1428,46204.9067285
1429,299454.847549
1430,151645.246894
1431,33778.8433025
1432,39952.0077193
1433,17396.6107811
1434,71456.1858886
1435,73358.0384008
1436,76481.9300432
1437,94234.0101147
1438,84501.5268969
1439,26928.2169551
1440,51747.0535434
1441,62542.5417145
1442,31310.2233353
1443,139009.984046
1444,54507.384937
1445,38932.1146208
1446,28879.8585557
1447,78939.1542135
1448,114122.854985
1449,79770.1123367
1450,14290.5818092
1451,41214.2095601
1452,11683.4233414
1453,46942.5651526
1454,35713.9073478
1455,200013.632757
1456,60932.9646184
1457,70076.4646937
1458,36983.5936882
1459,378224.252041
1460,95354.918546
1461,11778.1262271
1462,40073.5224366
1463,137413.150657
1464,88771.8434374
1465,28848.5381224
1466,226024.162855
1467,73416.0766646
1468,90962.5363366
1469,98450.6718764
1470,19723.2474615
1471,51441.6139796
1472,85526.9725733
1473,59147.3433282
1474,220084.699754
1475,126497.63079
1476,26854.0220688
1477,104531.283124
1478,92191.5361446
1479,196330.77849
1480,70706.3572604
1481,73220.6760804
1482,195137.524894
1483,148820.274266
1484,16079.5637492
1485,88926.129093
1486,71305.1069041
1487,58437.3660799
1488,27543.4515107
1489,59827.2470669
1490,143489.207551
1491,80510.1569448
1492,125479.236513
1493,43283.7339431
1494,106511.930745
1495,45880.5226529
1496,42049.1673281
1497,137052.124285
1498,57689.9861977
1499,60979.5946675
1500,68526.6518243
1501,69968.3251982
1502,47453.4435614
1503,52541.872344
1504,61912.1383206
1505,60830.8969064
1506,62245.8253145
1507,35884.7409221
1508,87085.5683126
1509,15659.915877
1510,10671.8258878
1511,68666.099459
1512,39005.6479553
1513,24354.3230458
1514,9799.45680983
1515,140244.45912
1516,29294.4402212
1517,86328.7658237
1518,87432.3898879
1519,22675.856792
1520,69289.874794
1521,89087.5150422
1522,94268.2322482
1523,13657.8742719
1524,95254.1658142
1525,196514.570933
1526,59632.4463185
1527,82665.0735544
1528,220695.633133
1529,144044.810609
1530,56547.4561114
1531,327131.399771
1532,45198.8660158
1533,59578.3824664
1534,45552.660037
1535,14534.3528877
1536,120845.368282
1537,114426.387226
1538,74921.8749918
1539,81592.2476628
1540,140201.275011
1541,51457.0690739
1542,75203.3390885
1543,175783.322171
1544,83330.18449
1545,56412.2065272
1546,197003.212362
1547,231889.021491
1548,58442.4049295
1549,50842.0193775
1550,73741.2773753
1551,19985.0492992
1552,90566.7656026
1553,75616.1044766
1554,91206.8480004
1555,63473.6303555
1556,136846.995731
1557,52071.9773349
1558,56731.2771957
1559,120004.514541
1560,62766.5189175
1561,67137.5131452
1562,53441.9307111
1563,222567.661335
1564,101365.42819
1565,50994.3406806
1566,77435.7357414
1567,57065.8245175
1568,75551.691982
1569,74113.3823453
1570,67901.8064253
1571,3977.70302857
1572,95754.7920398
1573,75125.7511397
1574,48101.0134462
1575,39813.4980969
1576,128914.322568
1577,102380.784108
1578,190669.203647
1579,165797.243963
1580,17200.9110202
1581,70665.3939582
1582,161935.963174
1583,157076.663047
1584,87667.048762
1585,61303.3158486
1586,135212.465585
1587,18796.9806488
1588,99463.2206024
1589,32708.7614913
1590,53926.1092838
1591,22017.8004556
1592,55845.9154593
1593,37385.7703194
1594,109262.528925
1595,51286.6021259
1596,127736.165403
1597,70456.1385679
1598,49732.7825371
1599,54852.3477646
1600,128695.844662
1601,47397.2806865
1602,63584.7386941
1603,20022.0231077
1604,54716.8844709
1605,82818.3878655
1606,38265.9423216
1607,48675.5402194
1608,80313.091457
1609,77412.8689518
1610,35006.513753
1611,21955.0755981
1612,51404.3566013
1613,93607.448386
1614,117959.109569
1615,102245.034197
1616,14847.8612536
1617,41716.9510407
1618,66250.6962203
1619,116313.896086
1620,60526.2186231
1621,60148.4645362
1622,25374.0742044
1623,55030.2094906
1624,170459.9898
1625,11688.7939605
1626,57150.0884501
1627,66435.3975764
1628,52298.2244874
1629,151795.045306
1630,28156.4902677
1631,94699.3545756
1632,12037.7452052
1633,131593.959008
1634,165918.771264
1635,61872.6503658
1636,71629.0794774
1637,55013.1374954
1638,104793.9031
1639,23293.5377937
1640,55497.0400344
1641,77684.0174253
1642,17776.4239893
1643,172715.558876
1644,233505.827309
1645,56050.7174973
1646,86558.7007364
1647,59121.7666596
1648,33231.010557
1649,51042.1665991
1650,20560.9279326
1651,37684.7478689
1652,96247.2234006
1653,101546.291823
1654,159908.20078
1655,21867.039941
1656,18263.5702791
1657,166827.15354
1658,153760.876319
1659,110546.473891
1660,49806.1575299
1661,70548.4321322
1662,69945.4941047
1663,36895.9536075
1664,18381.5492474
1665,19544.4909725
1666,66144.1419328
1667,16543.8217239
1668,12699.9849696
1669,93285.9378833
1670,27641.2240675
1671,60846.0735302
1672,55391.9486598
1673,64183.3243756
1674,32053.1203501
1675,15089.7879954
1676,57069.9424735
1677,6547.22369549
1678,99970.2157413
1679,52598.1732615
1680,65605.8666311
1681,20105.9113864
1682,37677.7713921
1683,11405.2908388
1684,45208.8692545
1685,69456.2315041
1686,66795.0532839
1687,16469.3871938
1688,105149.955767
1689,83465.2963344
1690,89545.043012
1691,174139.052531
1692,85017.2338525
1693,161721.099281
1694,131225.330187
1695,12568.213793
1696,8461.89006584
1697,56636.1430831
1698,115240.453279
1699,76836.474278
1700,46125.8078386
1701,56249.61705
1702,59594.4322296
1703,85082.8118755
1704,153035.174436
1705,84937.1858265
1706,92788.6959719
1707,49003.7435016
1708,76930.9140223
1709,55666.1702348
1710,47830.8839155
1711,50883.3717759
1712,49119.9637066
1713,16129.2275577
1714,100841.53112
1715,53371.2485014
1716,71307.4652781
1717,83915.3537953
1718,138593.738817
1719,11631.1624309
1720,177313.994441
1721,22857.3301585
1722,78610.5711467
1723,71532.0397684
1724,221812.809151
1725,108908.3216
1726,37135.0455377
1727,68030.1248148
1728,53487.3487159
1729,347538.221854
1730,11837.7185758
1731,62115.3920712
1732,27111.8920958
1733,67019.8499775
1734,13648.7277697
1735,195972.587734
1736,100348.003466
1737,50889.9039101
1738,93591.9967938
1739,93828.6616133
1740,50139.1128969
1741,140850.936694
1742,45558.7796642
1743,50882.2392906
1744,96750.7259217
1745,246671.323549
1746,310626.314316
1747,60914.3422828
1748,172298.554342
1749,92146.5050929
1750,78852.6531942
1751,116535.062324
1752,24431.2610893
1753,98988.2584288
1754,59723.0009609
1755,86403.2705263
1756,112895.619478
1757,60509.5530736
1758,84104.6141703
1759,123434.324573
1760,78549.333632
1761,116033.654563
1762,107261.336502
1763,124625.739803
1764,70236.2539427
1765,52661.0782688
1766,72075.4775829
1767,14087.1644573
1768,91920.408546
1769,55426.0907564
1770,52249.7854524
1771,58343.8846469
1772,92522.6773548
1773,65061.434756
1774,103844.368711
1775,19498.6799293
1776,13939.2114597
1777,111705.684376
1778,124895.086371
1779,146970.461512
1780,41034.200317
1781,126092.714306
1782,60679.585999
1783,38926.8322488
1784,240181.943961
1785,180417.456502
1786,63334.5193788
1787,194165.342659
1788,74859.5570184
1789,67164.2866709
1790,4773.59189828
1791,39751.2871472
1792,39684.4692665
1793,44467.1413535
1794,6661.22259599
1795,42818.2098343
1796,51699.5302343
1797,60212.5767531
1798,47138.6753887
1799,59383.9125086
1800,102912.947516
1801,47155.6056537
1802,17058.493404
1803,46691.6233979
1804,43044.0843405
1805,42047.6780699
1806,66944.8968515
1807,23639.1016154
1808,218169.507106
1809,136747.272003
1810,14492.7054887
1811,100960.021599
1812,89902.7869574
1813,21416.543628
1814,76866.2546105
1815,38830.8787446
1816,107063.217181
1817,48622.1707178
1818,68593.5987007
1819,56144.7711208
1820,82890.3180432
1821,135992.780768
1822,63864.2201381
1823,57352.9578576
1824,32692.0047851
1825,70802.277287
1826,31095.1606394
1827,64600.0783628
1828,24717.295959
1829,35634.3767797
1830,95136.9090794
1831,81252.8082526
1832,54208.6764224
1833,48060.6990434
1834,21796.0309018
1835,59242.1206154
1836,120395.774216
1837,67185.1844237
1838,73128.9721834
1839,126614.352251
1840,129548.900913
1841,28053.0194874
1842,99009.1659045
1843,27064.056415
1844,32408.9717346
1845,95507.9315912
1846,103056.347345
1847,25541.5354499
1848,36585.760449
1849,88165.1746031
1850,103598.83852
1851,41091.0147562
1852,56167.4100244
1853,63662.1423197
1854,105029.005083
1855,65760.3621052
1856,90236.7388425
1857,53737.1902771
1858,39730.5492735
1859,84985.0285112
1860,107209.867868
1861,53966.5050643
1862,69774.2027773
1863,19923.1465169
1864,59017.6132992
1865,59561.4205537
1866,54509.1820336
1867,81459.6304445
1868,58831.1287418
1869,169384.139714
1870,148415.896984
1871,132663.355375
1872,125730.543892
1873,36854.5735528
1874,43185.4512776
1875,209014.763065
1876,129037.049464
1877,10251.1841683
1878,40865.6837732
1879,65380.1175086
1880,46257.9427952
1881,81762.8764088
1882,65843.0027494
1883,131404.742817
1884,84883.0332163
1885,80421.856785
1886,73074.6921806
1887,46909.6624509
1888,114338.689547
1889,64388.6184971
1890,40058.9355301
1891,62337.5424084
1892,263135.18295
1893,72060.0222408
1894,17902.2164709
1895,234282.412256
1896,26785.7651804
1897,102451.32683
1898,152367.458181
1899,25752.993267
1900,50879.603505
1901,44195.9333888
1902,100117.154488
1903,117717.684837
1904,33173.2011126
1905,39100.3821925
1906,74047.2593312
1907,43962.2483344
1908,68287.2612909
1909,31521.0683074
1910,58633.8886306
1911,126792.32824
1912,167930.486109
1913,18488.6110256
1914,53501.9401125
1915,110829.871113
1916,51896.4172193
1917,5725.91048604
1918,41310.6806782
1919,116819.963492
1920,30313.8618438
1921,71323.9696146
1922,152229.58405
1923,142154.591705
1924,87235.5188475
1925,94509.1785729
1926,20667.3211757
1927,65130.6419614
1928,96852.6288684
1929,55395.4377111
1930,311568.266303
1931,49869.2803115
1932,46761.516462
1933,116462.539961
1934,117725.730114
1935,168115.353123
1936,43161.4818675
1937,55133.2568258
1938,50178.3840757
1939,85309.3597962
1940,127540.396903
1941,71730.2640732
1942,67768.2579316
1943,208923.661002
1944,112268.581947
1945,49560.4803587
1946,37279.559731
1947,48024.0274137
1948,81497.4938248
1949,51433.1145861
1950,51539.5875011
1951,55360.8855353
1952,79828.5496106
1953,28455.0407037
1954,86994.7044345
1955,78544.7486429
1956,34475.8464686
1957,74721.1846543
1958,118899.16054
1959,64769.180252
1960,15248.9448124
1961,157158.400707
1962,47787.4362434
1963,65572.8745766
1964,24229.8357885
1965,121385.986005
1966,37900.6733326
1967,59189.4953103
1968,82427.2177971
1969,131053.854477
1970,55808.9967511
1971,79932.7592797
1972,59443.7311299
1973,84468.4736998
1974,35145.3822528
1975,71723.723153
1976,95540.34617
1977,74236.0426168
1978,73536.3996142
1979,101198.950717
1980,41677.074657
1981,121252.488422
1982,89963.4531621
1983,48215.6623431
1984,170420.610839
1985,24832.8586269
1986,84826.5976648
1987,70270.0719348
1988,48708.4926089
1989,61051.2910856
1990,109411.733133
1991,57089.9033733
1992,90504.9620812
1993,96475.7259323
1994,65599.3170473
1995,47120.6932216
1996,209030.717583
1997,97685.8178819
1998,7881.07078355
1999,22601.7733631
2000,460330.523873
2001,14108.3357434
2002,62951.7109734
2003,35486.0290691
2004,48686.3924165
2005,190386.036396
2006,104737.588703
2007,49531.4115044
2008,81596.0497214
2009,112162.700878
2010,45116.0485995
2011,141473.29335
2012,69510.9024028
2013,214020.369744
2014,103141.991958
2015,46722.5560469
2016,71971.9471859
2017,92783.1184394
2018,107011.199162
2019,153642.764649
2020,79359.1985917
2021,142222.349255
2022,64973.6352841
2023,74501.1425717
2024,56031.8582301
2025,11659.9927276
2026,49146.4601256
2027,375241.525754
2028,315791.154798
2029,21672.9538936
2030,52301.2854448
2031,45119.1243494
2032,69310.958717
2033,65838.0915629
2034,169727.161461
2035,105389.711616
2036,41289.0993863
2037,92342.9152895
2038,28610.1918289
2039,55422.0792037
2040,81193.5217993
2041,44248.3900393
2042,77908.1371772
2043,74590.9988798
2044,12171.9312266
2045,44887.3507888
2046,103814.92672
2047,228232.080821
2048,117480.905956
2049,16919.0468396
2050,307101.25337
2051,51733.5583797
2052,47852.0218588
2053,42927.0490641
2054,28365.1890243
2055,20290.3023378
2056,92053.1520085
2057,51554.3103521
2058,57017.8262679
2059,87479.3027979
2060,92812.0301482
2061,82115.0578911
2062,69723.0193764
2063,111436.388581
2064,62318.6996075
2065,37553.8518165
2066,48697.0518036
2067,62914.4549836
2068,133429.872468
2069,80400.5917189
2070,162918.116287
2071,33226.4769263
2072,9793.27743834
2073,110454.677123
2074,110617.503622
2075,35389.5350506
2076,36647.9847011
2077,139739.836491
2078,65704.2481997
2079,81166.5055496
2080,44290.5104563
2081,70031.8001085
2082,68844.4073621
2083,34153.263417
2084,15002.6953133
2085,66145.2855434
2086,76205.6222479
2087,46273.8017475
2088,107111.112942
2089,27678.0882885
2090,23099.9086438
2091,61478.147244
2092,130360.878314
2093,72594.1632444
2094,39542.5757923
2095,70690.2513934
2096,75212.0850948
2097,30059.5901515
2098,53798.9031499
2099,77963.2923207
2100,72277.8657925
2101,49947.0289933
2102,75581.9482098
2103,117467.502146
2104,213017.573282
2105,90515.9432898
2106,103267.681347
2107,233409.660919
2108,49412.917195
2109,201111.418428
2110,56775.0896974
2111,94223.9021714
2112,57688.8016904
2113,173102.919075
2114,158266.750136
2115,41032.8563251
2116,59680.9581279
2117,60096.4282361
2118,20416.4454182
2119,52478.4892116
2120,56495.6057652
2121,127459.351918
2122,64671.3708173
2123,37816.0954295
2124,20518.6163488
2125,66193.7910057
2126,42390.3945549
2127,18972.4675209
2128,188596.267784
2129,111087.349339
2130,54916.9448149
2131,51727.7468909
2132,90110.539962
2133,58208.6816935
2134,101690.60849
2135,61449.3987833
2136,56510.6184504
2137,118560.591238
2138,51374.3823564
2139,63844.0911878
2140,42020.6119061
2141,210321.414826
2142,48726.9202122
2143,22446.84
2144,419795.570671
2145,7589.39790182
2146,87444.8531021
2147,28815.5417004
2148,40024.749567
2149,66546.9620526
2150,56250.8701023
2151,67103.9787193
2152,110009.564071
2153,17728.2180094
2154,113278.672685
2155,76222.1547778
2156,33340.9547777
2157,100051.445739
2158,157845.414091
2159,20879.6024468
2160,133041.90383
2161,68335.7361929
2162,169146.879811
2163,46401.8298715
2164,51014.400945
2165,18751.4286886
2166,133650.884491
2167,133718.123749
2168,53405.909421
2169,33337.2674062
2170,21660.1107977
2171,86666.4024273
2172,114377.070778
2173,141640.411198
2174,40425.5128992
2175,177288.829934
2176,41228.3442905
2177,34665.0535477
2178,52609.7770321
2179,79575.2591545
2180,63077.1200192
2181,77654.9921668
2182,79612.2917505
2183,96093.7691494
2184,120995.740115
2185,34979.4073692
2186,198851.400215
2187,96144.2878959
2188,134371.675177
2189,70570.1379721
2190,41669.9148436
2191,33845.256317
2192,46880.5007214
2193,117301.469892
2194,23446.8475021
2195,147222.831274
2196,144353.653108
2197,38934.60207
2198,103306.642044
2199,335278.814265
2200,116117.12521
2201,42258.0090276
2202,223562.877726
2203,23412.6378195
2204,56899.5036492
2205,41318.2295108
2206,191180.851865
2207,88466.4346633
2208,143330.095155
2209,185871.841305
2210,40025.0525495
2211,118391.871812
2212,48320.7021834
2213,117751.218673
2214,124219.838331
2215,62739.8260239
2216,135102.340231
2217,28814.8941806
2218,266579.663833
2219,82495.8842088
2220,34774.763436
2221,27861.6922112
2222,66782.3956692
2223,69480.579823
2224,241826.510866
2225,159351.472819
2226,72532.3243726
2227,70554.2233918
2228,61155.8357499
2229,73025.4322513
2230,43930.775655
2231,47445.7589519
2232,28899.1230997
2233,71098.6816698
2234,67429.1604257
2235,93175.1042172
2236,32796.7482017
2237,49826.5561611
2238,92682.0678451
2239,56395.6715118
2240,85965.249867
2241,129504.841671
2242,34054.8461828
2243,34030.0185514
2244,55336.6728686
2245,78608.4056734
2246,41709.2003687
2247,88643.0662498
2248,33830.8963218
2249,98655.7144229
2250,56956.4684304
2251,184421.893108
2252,51488.8872491
2253,38276.4347342
2254,28169.409308
2255,66874.5317817
2256,38192.4074115
2257,115712.803317
2258,88517.7727214
2259,32322.3201559
2260,50224.0566669
2261,58009.2802933
2262,58550.0536145
2263,17656.0564431
2264,19447.1159424
2265,50735.2770504
2266,166039.633778
2267,117960.716876
2268,87806.3897743
2269,303529.2874
2270,74643.3524629
2271,41275.3296061
2272,22490.7817495
2273,66627.027057
2274,29993.9768457
2275,143332.892913
2276,89851.4446664
2277,60087.6899971
2278,59860.5268972
2279,73607.7799988
2280,71066.5413195
2281,207162.621918
2282,107105.346437
2283,152450.890361
2284,23845.0484512
2285,52482.539188
2286,56302.006051
2287,132132.111746
2288,77365.3119499
2289,44163.6120947
2290,72587.2915405
2291,50297.6628961
2292,42276.7458903
2293,72311.9494015
2294,48379.2464521
2295,7861.22293702
2296,41659.1410587
2297,56850.7351474
2298,55657.696187
2299,86615.7002423
2300,26323.0636853
2301,119259.271859
2302,61217.647193
2303,69254.7272149
2304,74218.8190989
2305,67150.8328152
2306,106066.640947
2307,39155.2917244
2308,46197.1063103
2309,66263.6820678
2310,161954.035027
2311,17239.2549859
2312,24787.0372598
2313,104978.069008
2314,42519.5098583
2315,85380.8728443
2316,122460.266534
2317,98502.4322104
2318,98904.47612
2319,69822.5493194
2320,76768.4847261
2321,177904.307305
2322,63601.4767493
2323,80690.1257759
2324,72610.0304444
2325,33943.2758046
2326,58643.3578929
2327,135223.490997
2328,105793.208136
2329,69700.4924834
2330,64171.2883928
2331,77271.0886823
2332,76700.9698595
2333,43875.1505863
2334,31229.8616173
2335,29193.7431465
2336,72551.0871155
2337,8575.81296376
2338,56114.3429997
2339,13694.3709399
2340,110806.981345
2341,69565.3218422
2342,39371.5351404
2343,49899.232534
2344,59249.3329942
2345,40112.9849483
2346,20769.7513004
2347,29589.2129143
2348,78257.8444376
2349,55365.3687724
2350,36636.9502537
2351,43132.9979189
2352,67858.31298
2353,45114.8964012
2354,85992.2565592
2355,232489.944501
2356,125906.892962
2357,73279.9001463
2358,113585.741906
2359,54644.5802674
2360,91857.1347165
2361,65319.0861012
2362,129751.745883
2363,49056.6819989
2364,89473.058104
2365,109946.014677
2366,85403.7540126
2367,26693.7984115
2368,48960.6968383
2369,162015.032763
2370,25650.0609874
2371,58920.816036
2372,99336.2630777
2373,13075.4826227
2374,47654.1374792
2375,67423.0647312
2376,80039.4162968
2377,58574.4663257
2378,29514.9038638
2379,37901.896775
2380,146618.765383
2381,143677.929073
2382,99136.3841729
2383,132075.236594
2384,68532.1889893
2385,82524.3581361
2386,48178.9472345
2387,98859.9143058
2388,60621.5550505
2389,62047.7819989
2390,83540.0992277
2391,104585.375396
2392,72914.5851976
2393,180628.889096
2394,67288.1348871
2395,46618.9519737
2396,51319.6089651
2397,91229.7266524
2398,35293.2853983
2399,39789.1880594
2400,65865.4656194
2401,49625.7850221
2402,74170.4872857
2403,44973.0097954
2404,70058.6268691
2405,100320.22065
2406,180198.354027
2407,65736.0821858
2408,66635.5717347
2409,70649.3799755
2410,32305.0086692
2411,33638.4893265
2412,60131.4430236
2413,72429.6660197
2414,64217.9837111
2415,101286.328122
2416,62769.9981825
2417,43118.2757494
2418,64761.0002079
2419,20621.6323169
2420,35068.0807323
2421,29097.1779708
2422,71819.5352541
2423,134875.018883
2424,75904.9938985
2425,16803.3722379
2426,79535.0307109
2427,38220.4052067
2428,256054.128752
2429,48564.4944672
2430,154933.943887
2431,69730.1063998
2432,70745.3131079
2433,319721.241915
2434,96091.5217157
2435,105287.138888
2436,94172.7762239
2437,26601.6614002
2438,68422.1828991
2439,177579.896936
2440,68172.7390236
2441,55264.4324164
2442,62525.9925098
2443,40514.0457643
2444,147151.977118
2445,171239.499702
2446,51104.5145592
2447,55941.9096895
2448,89821.640226
2449,41336.667211
2450,72040.8706295
2451,150503.835935
2452,50626.9562442
2453,64192.5752313
2454,50376.4041829
2455,75468.0021505
2456,95923.9118642
2457,47207.1203532
2458,133117.455188
2459,67151.8016589
2460,34953.972591
2461,278883.605664
2462,102629.986978
2463,110321.193539
2464,64536.2457301
2465,42375.7820066
2466,99114.9343146
2467,43019.6373185
2468,54399.7698104
2469,136083.573543
2470,96909.8721079
2471,67903.240882
2472,19555.937639
2473,150732.184618
2474,93425.4661656
2475,115035.82894
2476,69061.0288528
2477,113780.461074
2478,66865.8459205
2479,65998.0758566
2480,63624.9291251
2481,104985.945631
2482,182359.40484
2483,96539.7533653
2484,46476.6945722
2485,23783.2142939
2486,36022.0237932
2487,30874.2194504
2488,79136.7117557
2489,8620.24648159
2490,58618.943465
2491,54903.378447
2492,49830.426106
2493,59182.6220983
2494,150012.290723
2495,98343.3946884
2496,80401.0356218
2497,34174.2523708
2498,81895.0381244
2499,256962.413619
2500,46522.8952095
2501,78683.1521001
2502,102910.34701
2503,152977.625021
2504,109549.294239
2505,84311.3096346
2506,63356.0499264
2507,210901.040469
2508,144311.776224
2509,18176.5390972
2510,100932.990787
2511,55684.6294097
2512,82190.6242618
2513,183053.749941
2514,168012.22862
2515,57416.6531946
2516,57412.6691502
2517,19550.3398467
2518,124359.619715
2519,119098.83456
2520,42322.760922
2521,54586.3409505
2522,69448.220042
2523,87327.2987412
2524,134065.334411
2525,63229.1598682
2526,41757.1689036
2527,16598.0148519
2528,161642.736647
2529,62984.9925247
2530,45445.6229077
2531,54044.3177523
2532,66074.6544764
2533,53858.8467657
2534,97306.4077333
2535,13760.4585142
2536,38506.0042924
2537,47720.5243878
2538,121918.439789
2539,48654.9326132
2540,9358.28439059
2541,124437.610291
2542,57967.7031855
2543,98123.2901888
2544,116074.042731
2545,67252.4981906
2546,113204.298112
2547,58324.2096634
2548,68846.7992625
2549,69744.6593339
2550,28317.3914339
2551,47823.7407363
2552,13863.1508419
2553,102394.387163
2554,97739.1776622
2555,79668.8797259
2556,88157.8519932
2557,14355.0591138
2558,248726.439833
2559,63438.0862722
2560,60659.2501231
2561,118978.535125
2562,76756.6690733
2563,37444.7654537
2564,68734.6553167
2565,231321.006424
2566,71513.9833617
2567,88467.4332143
2568,60958.8684342
2569,88006.2368336
2570,164360.350108
2571,89435.5304389
2572,25001.282988
2573,98716.4604906
2574,243859.134009
2575,157769.506179
2576,52355.09861
2577,44364.1819819
2578,57800.6487159
2579,15003.182467
2580,82340.3624284
2581,23520.8284982
2582,64624.8938451
2583,51995.7951529
2584,57790.3003214
2585,199528.215868
2586,81669.9951889
2587,53535.7651629
2588,37125.9314994
2589,59870.3666405
2590,44229.4103487
2591,55363.3445026
2592,199014.757784
2593,50598.5076586
2594,149471.620652
2595,166837.303039
2596,36610.9472782
2597,150574.308797
2598,15745.1320239
2599,49436.1539752
2600,102481.898686
2601,49403.6669893
2602,83220.7697898
2603,52710.5458997
2604,76073.4624076
2605,52829.1862698
2606,26528.5116732
2607,395806.824822
2608,30832.6222172
2609,62674.5151758
2610,119616.509782
2611,51067.0782415
2612,114655.87092
2613,24335.5760567
2614,159390.397055
2615,70345.2957448
2616,8075.33699508
2617,46559.6052044
2618,33365.6093327
2619,23645.094939
2620,127181.258633
2621,87585.5888472
2622,77447.4806697
2623,84882.1795591
2624,71383.4761789
2625,52549.3462238
2626,175854.299949
2627,62010.5572792
2628,20731.5471054
2629,125914.657796
2630,69266.5973589
2631,68284.3330863
2632,14337.2231499
2633,131767.949878
2634,46045.6501862
2635,37200.6835416
2636,41462.1120332
2637,108551.4283
2638,61098.6109727
2639,44075.8848007
2640,84818.8014936
2641,167458.35654
2642,141054.544722
2643,37235.0451163
2644,42466.7822784
2645,56043.7545903
2646,184878.163014
2647,196050.057222
2648,42940.4882342
2649,44606.1551517
2650,85398.5701402
2651,51320.9915406
2652,87267.8970928
2653,44871.6980186
2654,69000.4651043
2655,22565.4305466
2656,23316.6753706
2657,83942.4268833
2658,19267.6306117
2659,45946.0013015
2660,35455.6446085
2661,48629.9009999
2662,117986.889051
2663,38249.7075186
2664,110146.534741
2665,77580.5611789
2666,58001.1585512
2667,52663.7716136
2668,65146.6205198
2669,22495.3226056
2670,116055.275895
2671,44221.3876194
2672,31674.3101145
2673,56579.6700229
2674,15505.3117598
2675,66514.637405
2676,80585.8798429
2677,6595.48647041
2678,110383.418654
2679,70885.1524254
2680,29556.8313243
2681,21359.0531706
2682,57411.2979982
2683,252545.960892
2684,90996.2520906
2685,89153.1061673
2686,18414.1431835
2687,194634.882257
2688,47751.1633552
2689,141541.690721
2690,57058.043641
2691,143151.857422
2692,43769.1380771
2693,92783.8816543
2694,23809.1290875
2695,187739.685705
2696,75941.3749452
2697,40062.6226979
2698,53684.5302619
2699,114485.511227
2700,44681.3639229
2701,13672.0394016
2702,18312.7015393
2703,81946.4650004
2704,52134.8397615
2705,71389.8374855
2706,76590.8778062
2707,54058.9042516
2708,182325.66869
2709,86863.3392127
2710,66346.9178337
2711,75659.8263162
2712,312117.144262
2713,87028.6515492
2714,68470.1186169
2715,53655.864393
2716,80523.7456778
2717,68281.7971123
2718,35330.2040711
2719,126124.590542
2720,81949.4693227
2721,131135.157136
2722,72627.6616972
2723,31098.8481642
2724,19144.8671402
2725,65143.8424838
2726,48021.2909707
2727,195952.312562
2728,74259.9719883
2729,50081.4068214
2730,40017.2234822
2731,18308.8763294
2732,106624.974739
2733,33905.1376308
2734,48094.0584732
2735,52549.6553538
2736,250524.996881
2737,42047.0111363
2738,42988.0615257
2739,48567.7863903
2740,66206.0111076
2741,57245.7851999
2742,71582.7415018
2743,27972.1225576
2744,76127.8417872
2745,32319.6358121
2746,91067.0277033
2747,89020.2150848
2748,36192.4677483
2749,37695.9269091
2750,20548.022524
2751,35620.1613974
2752,81264.8244868
2753,50112.2485732
2754,38888.6334106
2755,44727.2460696
2756,38117.942351
2757,20859.4734345
2758,42347.0271308
2759,201339.367872
2760,57270.2334543
2761,39507.6981788
2762,53851.2181881
2763,66796.0464129
2764,51892.0732723
2765,167459.334942
2766,149610.355038
2767,12258.7526041
2768,60222.8348815
2769,202474.663058
2770,57412.4617807
2771,98921.6702689
2772,24894.8318294
2773,124868.495337
2774,87071.3651467
2775,53602.8985698
2776,35970.3144938
2777,89412.2265104
2778,73174.8515874
2779,113548.433251
2780,42831.5632325
2781,78786.9013353
2782,56213.9928411
2783,82218.9911474
2784,40392.6263
2785,14799.3140927
2786,94093.6418305
2787,122289.750712
2788,63908.9226566
2789,76807.7008859
2790,30252.9754449
2791,47346.7616672
2792,96395.7629598
2793,73649.8551838
2794,33761.2545099
2795,91712.2506952
2796,105266.571097
2797,197994.257567
2798,36309.6753741
2799,75089.2119081
2800,155311.839766
2801,57804.1125747
2802,45662.635432
2803,59866.4111685
2804,48227.0484111
2805,171742.324295
2806,146510.824261
2807,38947.1302005
2808,57578.0613508
2809,56608.5631307
2810,80017.9284456
2811,117061.950946
2812,72896.9826507
2813,74893.7748514
2814,65194.932639
2815,60068.333807
2816,45918.0396015
2817,73348.2330304
2818,30498.5887703
2819,100355.269491
2820,37639.2279298
2821,81484.3672799
2822,131488.773138
2823,84832.4857243
2824,106082.704956
2825,67949.1667483
2826,54199.9219321
2827,46626.7685249
2828,53281.523678
2829,140070.683625
2830,91864.5875354
2831,210343.064712
2832,58005.5684163
2833,53032.6825164
2834,44878.3156828
2835,63244.5917549
2836,41066.7869967
2837,66510.0613428
2838,71242.9949011
2839,45991.5963939
2840,23810.3650695
2841,124843.330537
2842,52226.2430423
2843,53928.5334129
2844,204838.133699
2845,56525.1157323
2846,186066.986775
2847,122409.234665
2848,50716.7520855
2849,123076.234693
2850,98807.4613846
2851,53672.8965994
2852,192124.426363
2853,108167.68445
2854,82427.3403314
2855,67070.5629398
2856,177978.017657
2857,36363.4035382
2858,59165.2930269
2859,82109.4421072
2860,51216.0132427
2861,69215.621417
2862,75737.2668416
2863,57495.3908897
2864,51312.1163622
2865,44612.7941626
2866,78719.8748249
2867,73195.6152096
2868,80547.1674201
2869,49778.5715923
2870,35994.663891
2871,66350.2129215
2872,105878.293825
2873,56527.49069
2874,88078.4831075
2875,15569.4119808
2876,29831.4223003
2877,56150.3870545
2878,59844.4853879
2879,63044.0594457
2880,18307.2929525
2881,24964.8206784
2882,25123.0443176
2883,94570.8232543
2884,63220.3479954
2885,125539.772891
2886,54026.210451
2887,52888.9548143
2888,351829.503692
2889,46809.7892323
2890,89396.7163006
2891,65297.3099598
2892,45279.8778291
2893,136500.114992
2894,120811.456777
2895,48248.0551281
2896,70491.9698932
2897,163578.031567
2898,197929.154789
2899,97768.2927632
2900,50550.1456613
2901,43616.0446487
2902,148852.343869
2903,63072.4634369
2904,35316.0721365
2905,53123.5038708
2906,99406.9181466
2907,74328.0971274
2908,113265.311622
2909,66823.8835422
2910,56747.2844544
2911,61815.7465245
2912,133645.973351
2913,50171.8188525
2914,24948.6888779
2915,27102.7785882
2916,95702.1216597
2917,31440.6676295
2918,35351.5484121
2919,80248.0887087
2920,61263.1271253
2921,21989.3099055
2922,86698.1154555
2923,124842.198143
2924,59486.7588794
2925,19863.3171544
2926,62589.2951134
2927,39407.1023083
2928,21226.0367565
2929,83184.2427272
2930,179049.006674
2931,46966.8106045
2932,54418.4973453
2933,18898.2138944
2934,115019.207401
2935,47132.5850162
2936,59310.6605203
2937,166908.925266
2938,7813.31386271
2939,154535.499288
2940,64474.8297579
2941,49505.6589807
2942,28669.5506492
2943,76908.1509666
2944,66635.8567516
2945,11103.5751795
2946,104248.617274
2947,62894.367141
2948,17929.193666
2949,87664.1244082
2950,49995.0861204
2951,83590.3731032
2952,48886.6672532
2953,52157.7156827
2954,84866.7624097
2955,19634.5789754
2956,87843.7987592
2957,132870.313755
2958,55749.7288649
2959,38868.2157774
2960,191273.348099
2961,78001.4608417
2962,103834.102677
2963,75249.5936866
2964,54826.0578618
2965,46889.47533
2966,22520.1882011
2967,71098.5092805
2968,93387.3544439
2969,27106.151193
2970,140229.754772
2971,91198.1399359
2972,72341.5957434
2973,13016.7335283
2974,65213.8278333
2975,44970.4073033
2976,36924.0223401
2977,341221.902543
2978,131338.789456
2979,53945.7966582
2980,116754.332825
2981,60826.1279547
2982,126874.415214
2983,79979.619442
2984,147493.827444
2985,19529.1833449
2986,87054.3753616
2987,84764.2367551
2988,7396.27456728
2989,61320.7512504
2990,27081.657722
2991,83930.261479
2992,20997.9368316
2993,92837.7256033
2994,175413.286033
2995,62992.5990768
2996,49516.0832891
2997,81885.7420726
2998,42877.8637542
2999,104084.018303
3000,47860.116893
3001,64549.6319007
3002,22457.2703168
3003,41105.3986758
3004,37931.2602334
3005,41745.521514
3006,57836.0211989
3007,144544.997175
3008,77521.1433001
3009,132334.59213
3010,94786.0049206
3011,63309.0675691
3012,59892.1256025
3013,89339.2002474
3014,63995.5987939
3015,53911.7184398
3016,112319.975025
3017,74597.4889659
3018,26138.2272723
3019,36956.8763957
3020,112624.974206
3021,20316.586477
3022,78993.8249076
3023,4089.26481525
3024,355217.403086
3025,64934.7626917
3026,19316.6480606
3027,77834.0157622
3028,48726.1271277
3029,90577.6521341
3030,66423.6000957
3031,106457.870013
3032,97745.791744
3033,55203.6733911
3034,47758.9437568
3035,73716.3469323
3036,71949.2719083
3037,73928.0995733
3038,52685.463044
3039,107518.671614
3040,173886.122912
3041,35360.8481685
3042,31631.1306773
3043,63804.8813449
3044,60356.0525234
3045,27239.6753426
3046,28633.0835865
3047,42210.3664829
3048,40477.7591973
3049,140918.352774
3050,56183.0386072
3051,32263.0883687
3052,91007.0824314
3053,41685.130628
3054,44410.5084168
3055,58111.5703415
3056,80755.4852086
3057,57479.5788874
3058,164400.268255
3059,14343.0709962
3060,105138.335136
3061,50511.0823895
3062,11788.7326545
3063,89021.7214848
3064,43171.0198051
3065,37477.7296889
3066,94479.5980299
3067,79359.6139512
3068,265462.582363
3069,99533.5633937
3070,106682.691359
3071,295502.384026
3072,97822.0270898
3073,94095.4239516
3074,33285.2384682
3075,33535.3783178
3076,29896.6359755
3077,124940.286412
3078,15576.451719
3079,54860.612786
3080,41384.8748886
3081,52929.0653562
3082,76654.7628085
3083,60517.3756923
3084,50891.318528
3085,51151.5164287
3086,90647.8416042
3087,65497.6648026
3088,235426.301352
3089,88997.2189024
3090,60287.8299464
3091,40263.6280514
3092,47739.5239038
3093,161444.729202
3094,29404.9984477
3095,89409.3298323
3096,63111.59549
3097,113364.638927
3098,89266.7252079
3099,29830.0189928
3100,115955.913119
3101,57167.614892
3102,289023.447906
3103,60778.3925725
3104,57811.5999617
3105,279536.211884
3106,70272.7475356
3107,123459.657752
3108,100910.838159
3109,67055.0062474
3110,135141.945146
3111,42151.7286491
3112,52161.4124703
3113,36640.2988638
3114,209989.071735
3115,84561.7990401
3116,138067.898228
3117,18491.8349735
3118,89851.7553894
3119,40597.663008
3120,189072.751328
3121,64200.0005198
3122,55139.8616146
3123,85058.8132728
3124,67014.5312041
3125,44525.9264117
3126,122452.966844
3127,84128.5708554
3128,58271.8625668
3129,86412.4119598
3130,11463.0711649
3131,99062.4915334
3132,69067.1491183
3133,37205.8502631
3134,5071.75027566
3135,72597.413853
3136,63067.8490633
3137,35327.5277619
3138,61814.2522268
3139,59144.6666327
3140,31032.2569601
3141,124751.292592
3142,204259.85925
3143,41529.9102539
3144,27908.7266467
3145,49326.2572294
3146,123153.061701
3147,121250.852234
3148,13642.6719938
3149,51506.947324
3150,152174.146239
3151,113092.807583
3152,59455.4963081
3153,79252.6240455
3154,50443.9520665
3155,55379.9429661
3156,71818.169296
3157,88072.5051523
3158,40021.625646
3159,132000.923309
3160,48560.0389627
3161,7700.46950283
3162,104878.915477
3163,123265.633996
3164,67702.1804651
3165,68713.8529468
3166,73595.028109
3167,71649.5749729
3168,9291.19944168
3169,89223.2399082
3170,43722.1231538
3171,41942.4076097
3172,182992.513539
3173,48446.8913587
3174,70073.7770797
3175,25423.9163546
3176,78679.6614958
3177,36073.7912214
3178,81636.685948
3179,54463.4150394
3180,68429.5351463
3181,114123.894468
3182,91943.3919451
3183,74217.4530632
3184,60666.0670666
3185,68396.4714383
3186,61223.8599044
3187,166134.10882
3188,58747.4470532
3189,102980.99615
3190,191856.921357
3191,74736.3848246
3192,43153.8527122
3193,21203.4943477
3194,60049.9834733
3195,143630.660304
3196,108856.330554
3197,118153.408201
3198,41024.0321391
3199,35687.9055987
3200,122489.726056
3201,107384.262803
3202,168771.676921
3203,43932.4355203
3204,44892.1064872
3205,78881.7267122
3206,70680.1569941
3207,79587.2022993
3208,38289.2089576
3209,98881.0123275
3210,88688.1372731
3211,45074.0444468
3212,47873.6064748
3213,62946.7694482
3214,127950.076626
3215,49547.0948798
3216,120152.067327
3217,6365.79406309
3218,176962.457959
3219,71605.9891528
3220,29876.1814609
3221,102340.146916
3222,31875.9683465
3223,183320.138579
3224,55664.3352446
3225,53286.5276336
3226,159653.921156
3227,32362.778506
3228,16295.3213597
3229,99909.4121695
3230,67191.3450641
3231,77150.5935339
3232,108297.677577
3233,175924.869809
3234,72107.7224848
3235,53470.9074462
3236,115152.346523
3237,61143.4543249
3238,170391.560219
3239,26816.8065859
3240,15350.7348685
3241,32302.5508821
3242,179440.986859
3243,280157.73088
3244,117736.014696
3245,54918.3125
3246,16145.5806761
3247,279404.334119
3248,141577.407827
3249,5460.52744853
3250,69622.0845781
3251,102691.587238
3252,145038.504442
3253,198915.069041
3254,65942.9645828
3255,50217.400247
3256,58684.0048901
3257,81239.6848845
3258,36368.5963462
3259,79460.0498671
3260,86713.3693893
3261,54326.1419218
3262,43750.8690248
3263,27040.5661278
3264,73172.6968576
3265,139960.185448
3266,21268.9700047
3267,18358.2938081
3268,228302.402125
3269,36894.7246811
3270,56282.9105833
3271,57044.0979327
3272,57426.1673592
3273,68235.4191275
3274,158301.617526
3275,68544.5066494
3276,76559.210972
3277,61159.5361711
3278,46674.8215704
3279,52880.2076395
3280,118839.722167
3281,71563.4064375
3282,73892.3324594
3283,78586.7040255
3284,57331.8779256
3285,15508.6962569
3286,103361.070678
3287,41004.3687372
3288,37969.0613349
3289,149947.39989
3290,23610.7323356
3291,64454.5084465
3292,100109.339833
3293,79790.403163
3294,73203.1913461
3295,31526.911444
3296,92114.8405038
3297,86829.6008463
3298,35757.1772411
3299,86457.1588275
3300,62414.9368087
3301,61985.0140327
3302,54999.7523191
3303,37582.8367827
3304,29788.6607029
3305,57770.9160627
3306,130117.692965
3307,53859.7627564
3308,24812.2902356
3309,14819.7746493
3310,139444.065441
3311,67032.5476863
3312,47071.5058145
3313,114728.441596
3314,27883.5019032
3315,126273.276785
3316,31292.3987575
3317,43106.1657231
3318,63034.4472644
3319,66940.1285087
3320,76581.0219738
3321,125767.43421
3322,13239.8481919
3323,107675.006434
3324,80337.3994267
3325,27465.2819078
3326,72390.8289854
3327,82729.7793315
3328,89162.8530926
3329,54726.5029295
3330,61815.4809655
3331,66795.1505395
3332,41699.4524383
3333,11738.8920103
3334,78829.347283
3335,117251.372719
3336,110071.374358
3337,271458.527564
3338,228022.263014
3339,73472.247148
3340,96572.3148012
3341,107859.808314
3342,107923.507094
3343,58199.4236577
3344,80131.1169136
3345,83885.7186751
3346,25438.4159244
3347,51241.6654692
3348,166429.517319
3349,40817.5989119
3350,77358.1243183
3351,33780.9316697
3352,78657.5723221
3353,38803.8102032
3354,134837.043084
3355,50406.5124851
3356,303328.195541
3357,76885.0845665
3358,96617.2203142
3359,90442.5929921
3360,60493.2274872
3361,205521.781475
3362,95988.0394996
3363,95113.550116
3364,93416.6490132
3365,245055.939518
3366,78764.9393493
3367,120687.471011
3368,137702.54033
3369,43726.8542197
3370,69695.6394255
3371,85410.8442979
3372,52731.3823851
3373,43773.1636652
3374,104874.550217
3375,60680.3699249
3376,55688.5610754
3377,46135.9186816
3378,61816.4777453
3379,37004.1254337
3380,79265.4944881
3381,45034.7840308
3382,41541.4384341
3383,87957.6868546
3384,371037.686339
3385,99773.4715721
3386,166576.288705
3387,29771.2933047
3388,75528.5283748
3389,282067.610588
3390,323902.342602
3391,33712.653607
3392,86319.4444209
3393,94144.1512057
3394,82296.3821451
3395,71677.1950932
3396,82504.5679832
3397,140090.708879
3398,80610.2047131
3399,73492.5530187
3400,64568.286701
3401,45140.607968
3402,23491.495967
3403,89662.2623995
3404,42466.2659412
3405,94439.2659096
3406,172782.835781
3407,213792.111336
3408,76518.7039785
3409,54042.7613124
3410,184979.860417
3411,127888.90355
3412,48214.6289036
3413,58901.1358655
3414,430516.316899
3415,242934.178123
3416,45149.5312089
3417,109431.312062
3418,93598.8184405
3419,41618.4025325
3420,17487.9132617
3421,67003.9897812
3422,139265.687739
3423,13012.7302538
3424,30896.5797524
3425,183925.04934
3426,47394.4024049
3427,51205.4309905
3428,93485.4579069
3429,45350.022017
3430,23324.1816032
3431,94196.7727026
3432,19555.5658774
3433,39346.2026525
3434,101929.766334
3435,151810.806277
3436,66118.2415777
3437,36100.1673821
3438,29044.4271599
3439,58361.9227817
3440,259435.806048
3441,56969.855595
3442,109219.601475
3443,47666.7368237
3444,65895.4413851
3445,168402.853495
3446,59737.5302644
3447,121246.580377
3448,81611.0236692
3449,44650.893422
3450,145527.273377
3451,47639.1737468
3452,22671.7167481
3453,43019.4883657
3454,44466.8358944
3455,56349.5034463
3456,78463.4732459
3457,144590.982464
3458,98019.4816629
3459,80818.5984666
3460,15208.7650739
3461,45187.1366888
3462,39597.228028
3463,41622.4625697
3464,94865.6564987
3465,43659.3739546
3466,86806.9719197
3467,76240.8981337
3468,41232.8895831
3469,82395.507216
3470,68121.2976027
3471,46955.0986642
3472,70024.0583296
3473,72929.6939004
3474,106053.233783
3475,271236.017248
3476,65273.3554139
3477,28098.506587
3478,59253.3190631
3479,62869.7993027
3480,42300.2566372
3481,31691.5283605
3482,66661.2321594
3483,90865.3333803
3484,65936.0024892
3485,351653.518914
3486,54017.4435861
3487,165794.656777
3488,75034.4395311
3489,51105.9750174
3490,35677.4624699
3491,80652.1367617
3492,60106.0799782
3493,28166.8885149
3494,75831.6892154
3495,94633.5741693
3496,35654.8625637
3497,57184.9736976
3498,92642.9337449
3499,78513.7250204
3500,62257.8876208
3501,83600.9510096
3502,35204.507445
3503,65672.9925026
3504,32132.0770513
3505,103293.75421
3506,54794.9715437
3507,141580.73188
3508,32189.053568
3509,70546.6088751
3510,47544.7718526
3511,145903.620646
3512,68124.7696337
3513,163142.529
3514,116708.095732
3515,172140.294494
3516,60833.6728078
3517,38903.0390969
3518,48641.5695584
3519,73794.2034943
3520,73944.5306538
3521,50976.9608091
3522,101255.096615
3523,80284.2601658
3524,83013.0217756
3525,106816.851135
3526,112256.107068
3527,57264.004069
3528,113150.212577
3529,127959.065058
3530,44991.0505292
3531,25574.2495906
3532,36855.5334619
3533,43387.3476939
3534,11402.0842572
3535,84050.9451975
3536,35701.3989298
3537,96955.4660473
3538,87932.3000855
3539,77731.952371
3540,41742.4865203
3541,26486.2188877
3542,11683.4651389
3543,220845.354626
3544,79937.336825
3545,46499.3565443
3546,65124.7055898
3547,36379.2840251
3548,18523.4927919
3549,40937.9634813
3550,56540.188565
3551,55926.87145
3552,72017.6639077
3553,57168.490559
3554,33381.9145352
3555,65425.9370274
3556,135555.326347
3557,58354.2879745
3558,10055.1854334
3559,25511.7430382
3560,108495.838737
3561,68705.1549622
3562,24824.402318
3563,62284.748153
3564,76992.7756772
3565,150791.041342
3566,22663.3506674
3567,41785.7336139
3568,148712.478931
3569,74691.2879887
3570,70772.5538683
3571,92014.9880894
3572,58793.8157475
3573,33124.1737323
3574,30252.8274739
3575,20395.5394434
3576,74184.6112324
3577,38675.5462339
3578,48713.1888409
3579,35064.6475349
3580,140194.281186
3581,175719.861757
3582,16592.0334212
3583,246309.359763
3584,61488.7051012
3585,61115.8511118
3586,69801.5867994
3587,129206.068056
3588,70641.0000935
3589,80909.1665421
3590,51814.270271
3591,12919.0377834
3592,180980.198789
3593,71583.1159954
3594,80637.6324881
3595,57752.0928246
3596,115083.177689
3597,36874.4374821
3598,101014.318308
3599,90843.2994647
3600,75429.1930547
3601,24856.0527318
3602,104498.68398
3603,42979.169031
3604,26832.3644414
3605,52412.3537699
3606,91388.0460778
3607,54699.8323202
3608,109992.003083
3609,70883.4265089
3610,45499.1886285
3611,102898.167753
3612,20495.915763
3613,78652.5253853
3614,61956.9257615
3615,66046.1923073
3616,22119.7218896
3617,29624.105933
3618,78387.197375
3619,54194.3785068
3620,99234.4447516
3621,61813.6409013
3622,113490.721859
3623,82400.9297625
3624,329361.416805
3625,54241.0593865
3626,56925.4970657
3627,40280.5936746
3628,87914.6740273
3629,68810.6385738
3630,49308.3863142
3631,88904.179629
3632,158817.403804
3633,57911.5844399
3634,56254.0349122
3635,45299.1659929
3636,62420.6765504
3637,88639.1388248
3638,117536.109047
3639,44017.211913
3640,115645.995347
3641,144265.838263
3642,46173.2311001
3643,140756.625557
3644,45916.4428698
3645,100708.952827
3646,92996.6427631
3647,88118.5151346
3648,87393.8860674
3649,58229.956081
3650,93242.2724924
3651,87711.4382132
3652,47338.9258015
3653,122255.615936
3654,96934.0785637
3655,45309.8651485
3656,115197.473748
3657,59828.6543007
3658,22891.9701389
3659,56815.6932794
3660,65454.2760375
3661,34182.1868465
3662,43595.1822185
3663,29578.2360958
3664,139397.933955
3665,29122.0028518
3666,62198.1956151
3667,4846.66593501
3668,29037.0590666
3669,69544.5056707
3670,14750.8258826
3671,46579.1795285
3672,61928.2927459
3673,38348.3328101
3674,35352.2864073
3675,51611.9024433
3676,18013.811307
3677,80430.4113972
3678,58173.6281121
3679,81187.1504671
3680,53405.0364516
3681,76384.0912971
3682,52191.5490304
3683,45904.7582876
3684,99485.174996
3685,27849.4792508
3686,65033.2100253
3687,71860.9437068
3688,227492.817606
3689,16354.1158046
3690,39959.6911994
3691,19089.8373683
3692,44519.7536152
3693,48204.2786515
3694,392982.620105
3695,44772.8472904
3696,18742.3855535
3697,16199.2384596
3698,42746.6321684
3699,81205.7288039
3700,305588.981876
3701,71658.3153886
3702,53982.6537344
3703,18686.181343
3704,9604.9338245
3705,36007.6208908
3706,116521.920634
3707,154774.572606
3708,58047.9378089
3709,68190.7145526
3710,65033.6297606
3711,110652.76431
3712,81560.4481916
3713,50132.034397
3714,40582.5747386
3715,42345.9370196
3716,85882.2681066
3717,248747.706489
3718,119701.802052
3719,159538.407747
3720,43794.2068954
3721,55374.4601076
3722,49596.3930915
3723,166874.118416
3724,34701.6657124
3725,24672.155935
3726,58269.0921628
3727,82579.0421774
3728,57137.8716774
3729,70808.5881952
3730,20261.3474479
3731,55332.0000581
3732,140759.849728
3733,17059.3611015
3734,258603.964291
3735,81363.9127432
3736,74296.6276515
3737,61489.5909738
3738,105659.554554
3739,85435.9345354
3740,75711.3024076
3741,57419.3619504
3742,76896.2712147
3743,131695.799214
3744,102367.724712
3745,82421.1751764
3746,73692.8171549
3747,43006.6334
3748,62906.7766486
3749,69248.5060045
3750,125561.458264
3751,73718.5734505
3752,71685.4898618
3753,104711.509138
3754,15974.3957343
3755,78695.5889644
3756,77640.7151579
3757,211238.786669
3758,71120.8946207
3759,44330.6965199
3760,123858.895257
3761,59700.8795248
3762,51169.6377962
3763,44318.4855877
3764,67585.0940773
3765,117335.707621
3766,88200.020388
3767,75981.2946091
3768,67575.012808
3769,44008.6826411
3770,11605.9282461
3771,34955.7986911
3772,141024.966848
3773,71235.4344277
3774,73567.455931
3775,77392.6776676
3776,67852.3407419
3777,96642.8083361
3778,11455.6166527
3779,35759.8960912
3780,69916.9158778
3781,56451.1888156
3782,119353.645764
3783,47114.0945015
3784,66697.68284
3785,102746.399555
3786,49140.2098676
3787,73955.5474915
3788,135988.9332
3789,49255.8588924
3790,54488.4095929
3791,150780.842742
3792,22147.4762034
3793,141237.968331
3794,76855.268418
3795,41673.273199
3796,102288.089964
3797,11636.8975186
3798,105213.665452
3799,25522.7385756
3800,45241.2720064
3801,166864.784424
3802,28318.8211907
3803,14781.3225526
3804,63244.4702324
3805,38987.0165876
3806,66194.3060536
3807,193372.521709
3808,22370.7987967
3809,16017.1910482
3810,97078.8370259
3811,54493.313488
3812,17021.5740125
3813,103102.378649
3814,296871.922095
3815,66401.0785993
3816,54623.0613877
3817,55788.4782404
3818,126267.855236
3819,48232.240138
3820,43409.9380364
3821,45563.1953493
3822,59815.8400406
3823,75571.9107083
3824,12603.2922124
3825,73169.2023875
3826,87380.1743957
3827,66724.7336035
3828,5520.7993789
3829,50031.416233
3830,110906.074235
3831,60328.0407349
3832,153612.165926
3833,69117.5249304
3834,135884.628492
3835,66788.7866819
3836,104514.472484
3837,83023.7307662
3838,30465.7507353
3839,78151.9505692
3840,16082.0382706
3841,65762.8894256
3842,69197.6688676
3843,77107.7939813
3844,81031.1829223
3845,63137.472189
3846,51021.6447503
3847,36656.2545984
3848,74323.0404935
3849,154162.388652
3850,70947.6771548
3851,167319.40493
3852,83513.1557292
3853,52552.5121307
3854,100600.239351
3855,103878.778006
3856,51916.6624794
3857,39925.3955702
3858,88696.4886323
3859,65988.0522501
3860,67705.7978039
3861,80572.3548601
3862,11119.9583765
3863,46721.7232484
3864,76724.6684912
3865,119386.189684
3866,82614.7025118
3867,98957.1427319
3868,17573.1778472
3869,103933.208117
3870,48415.604736
3871,40397.2564027
3872,70551.0694269
3873,53879.5980731
3874,43128.7497842
3875,90268.0688978
3876,170747.990782
3877,174981.735972
3878,74568.5828734
3879,64758.8191884
3880,78682.3434227
3881,114206.978993
3882,132018.837532
3883,53577.1441716
3884,44232.347991
3885,9019.59455147
3886,48360.4037822
3887,119719.669276
3888,55933.6032632
3889,71284.48047
3890,104388.273824
3891,18454.3447227
3892,97835.6899439
3893,69883.4312946
3894,106819.84123
3895,60953.572651
3896,69506.1448639
3897,63447.0647661
3898,46512.0393
3899,63892.6753519
3900,86248.8132264
3901,39618.434347
3902,107162.621542
3903,67692.7401728
3904,135501.343187
3905,20914.5010003
3906,41951.1998359
3907,55224.6871103
3908,14135.2582315
3909,89147.5775024
3910,130558.164205
3911,176706.342803
3912,87509.1566503
3913,75906.4589534
3914,26564.6325429
3915,91988.8650957
3916,12698.3705689
3917,73455.1484476
3918,84316.0515196
3919,47904.03062
3920,67785.7539578
3921,42665.5413486
3922,3507.59778315
3923,234169.475458
3924,54136.4451695
3925,62288.2168438
3926,77627.0858841
3927,115521.351264
3928,98488.212698
3929,57194.4130292
3930,57937.0775073
3931,217363.018751
3932,44199.1029077
3933,145307.449059
3934,87357.4563653
3935,16274.3622895
3936,19574.7761143
3937,84602.0367888
3938,45698.1276419
3939,69197.7735987
3940,79566.9376566
3941,40083.4588848
3942,29854.6216761
3943,217721.977293
3944,32663.814355
3945,12649.4545522
3946,56641.0701986
3947,30619.5522138
3948,92994.436564
3949,142516.621307
3950,70698.0979533
3951,95221.7593649
3952,55229.060354
3953,83310.1050136
3954,67649.9444504
3955,59366.5623903
3956,18727.3614898
3957,18048.831061
3958,99378.2642664
3959,57038.8904863
3960,48974.4199501
3961,44020.6108937
3962,179588.560025
3963,41448.4691058
3964,51348.4531892
3965,55536.4015078
3966,70691.9773271
3967,152962.899381
3968,21192.116281
3969,22885.7186636
3970,22015.5134874
3971,27731.606563
3972,70935.5749463
3973,154350.614157
3974,51041.1900481
3975,39167.4124661
3976,54821.240699
3977,41610.0999218
3978,91402.5646699
3979,104889.470043
3980,103503.964152
3981,40310.9904228
3982,23917.559372
3983,95610.1068961
3984,68044.6066788
3985,54729.8580395
3986,53452.9915845
3987,63989.99636
3988,53524.1439934
3989,70850.8876925
3990,128636.86868
3991,143894.684641
3992,57876.5717041
3993,59934.8843323
3994,39313.8982135
3995,10991.3130577
3996,35575.6927956
3997,83668.6638128
3998,65191.4895875
3999,90961.1144754
4000,56043.4405072
4001,18059.0609849
4002,18219.8641688
4003,46190.2563221
4004,40108.1508708
4005,39349.4512008
4006,187841.820676
4007,11303.4669789
4008,60884.2423876
4009,58357.957827
4010,128395.93193
4011,65926.8274822
4012,71347.197383
4013,70798.3480296
4014,147660.836001
4015,95752.6113123
4016,59475.7172806
4017,135718.55364
4018,39612.7472177
4019,97358.8213143
4020,12913.4110287
4021,18289.5662099
4022,25499.4752047
4023,37321.1183177
4024,121420.780935
4025,95589.9557661
4026,50168.7276601
4027,321557.333476
4028,70520.8828028
4029,24873.0999448
4030,56794.6840751
4031,131898.876544
4032,8399.65962382
4033,110733.29902
4034,31934.8825782
4035,28129.8419326
4036,84999.7400787
4037,102663.896353
4038,75542.3168615
4039,13830.3223022
4040,55414.2184295
4041,36511.4608947
4042,379532.575178
4043,66653.1390737
4044,132573.660125
4045,19601.8883481
4046,98604.8152045
4047,144678.329709
4048,69665.1492759
4049,273210.84597
4050,28159.7035661
4051,77236.6271531
4052,87990.9355157
4053,70622.7116812
4054,51868.8948097
4055,54640.1093767
4056,45271.5320024
4057,120645.184746
4058,65014.0539933
4059,69025.3303859
4060,225370.589634
4061,33153.8186903
4062,28503.2285227
4063,15345.0409101
4064,35056.7092691
4065,43112.5396958
4066,78141.6692733
4067,55018.7277263
4068,112553.089571
4069,8712.5193868
4070,42937.701829
4071,99988.0585553
4072,44753.6232266
4073,180634.937874
4074,35339.9635089
4075,123735.336593
4076,72269.3216169
4077,286811.338314
4078,156370.474615
4079,73754.5405469
4080,53502.6797488
4081,307330.059124
4082,56963.9740894
4083,87214.2869367
4084,44542.6097905
4085,55871.3850115
4086,39020.8306925
4087,120067.913983
4088,150141.387364
4089,31776.2918789
4090,17269.4409864
4091,120177.97946
4092,18864.3529072
4093,23692.3509133
4094,29059.8436045
4095,25531.445419
4096,69521.7055683
4097,58587.2870855
4098,40409.0097164
4099,22406.4462981
4100,44037.7431974
4101,109083.731
4102,41129.7801121
4103,34704.4505569
4104,14629.3487272
4105,57553.4388412
4106,143789.96712
4107,104059.064038
4108,30353.3075356
4109,15886.325922
4110,79859.6925501
4111,54656.369865
4112,36382.0824012
4113,13800.2346067
4114,73909.4976855
4115,72433.8584044
4116,124817.226804
4117,263968.285273
4118,76374.9072088
4119,72060.6230467
4120,27643.5784453
4121,52331.956951
4122,66926.0210283
4123,56748.9684963
4124,171697.285977
4125,27535.199795
4126,32483.1343826
4127,87927.8519207
4128,63576.8093667
4129,44375.5661437
4130,14385.8829676
4131,70627.6869711
4132,49483.4613352
4133,92934.4543363
4134,24096.169804
4135,51414.4339644
4136,98571.4780563
4137,43161.6385114
4138,63027.9986379
4139,89763.5422505
4140,149252.902154
4141,46914.499715
4142,48623.2638252
4143,87418.4182314
4144,69045.4557792
4145,57816.124251
4146,241833.816743
4147,61754.6390192
4148,93365.4595265
4149,38238.7928971
4150,40832.2028612
4151,68625.2277002
4152,93464.1936229
4153,146662.465579
4154,90654.8070983
4155,73377.5746802
4156,68725.4138034
4157,21232.8180315
4158,6693.48071808
4159,79571.3787526
4160,40726.1312576
4161,46733.5160406
4162,306092.697057
4163,226315.221721
4164,45384.523229
4165,141059.502747
4166,172000.285753
4167,9168.00489851
4168,81755.7958319
4169,64685.6954539
4170,88471.6325411
4171,89991.8200875
4172,48768.3800571
4173,39250.4126884
4174,57233.3025732
4175,244945.914603
4176,39486.5267582
4177,200704.817319
4178,21230.3668176
4179,42239.7017273
4180,61991.1077235
4181,58141.8632066
4182,58247.5923237
4183,37098.9764007
4184,48250.0511544
4185,158637.550215
4186,77402.0633006
4187,122185.624191
4188,51132.3148864
4189,82648.5850767
4190,33711.8482695
4191,74292.1127398
4192,59686.0261575
4193,21379.9381785
4194,14573.8600522
4195,14932.8056236
4196,79599.6783152
4197,67713.8163743
4198,50641.5342403
4199,138332.380557
4200,106415.500905
4201,106760.090273
4202,50612.3944124
4203,26570.7079754
4204,109678.696323
4205,248698.172148
4206,92595.0833815
4207,117665.474386
4208,49137.828207
4209,160152.480258
4210,127203.610544
4211,73146.4717464
4212,102511.276522
4213,81271.2786792
4214,52465.1934903
4215,18050.7196005
4216,87087.6382324
4217,14796.3943026
4218,100603.334726
4219,46989.8809393
4220,15321.7092562
4221,121462.322648
4222,119184.614482
4223,23323.386667
4224,125509.832933
4225,56342.3430757
4226,20480.6051344
4227,79993.7891045
4228,57878.8629047
4229,126522.940664
4230,17944.000029
4231,52066.4286423
4232,24579.5224566
4233,71592.3646853
4234,46919.8782421
4235,105202.074451
4236,69329.1028893
4237,130893.879506
4238,139000.223768
4239,171812.73123
4240,60219.695903
4241,116198.500847
4242,47695.0689917
4243,44848.6444886
4244,66752.6538427
4245,44278.1171266
4246,106816.116274
4247,24322.4686854
4248,39144.7164156
4249,32839.8660571
4250,39230.8403958
4251,87364.9029729
4252,60453.0716101
4253,61527.8703521
4254,80209.1834983
4255,57020.5995003
4256,55861.6062407
4257,42747.0740283
4258,100112.061172
4259,42273.1756935
4260,55521.6768529
4261,42106.5631945
4262,49831.5832707
4263,88408.4792786
4264,31397.3131718
4265,95715.9019194
4266,40215.3667021
4267,46714.4827747
4268,23418.7927484
4269,73665.0899084
4270,57216.9998943
4271,61846.8185348
4272,26775.1531295
4273,101135.977883
4274,245060.364361
4275,160173.644696
4276,93651.7227993
4277,112642.852612
4278,57261.8555825
4279,76944.192808
4280,62409.201418
4281,53716.2567933
4282,11381.1554011
4283,47186.0630578
4284,24756.4245369
4285,104838.067519
4286,45893.9465266
4287,61040.567033
4288,28789.906318
4289,68278.8128219
4290,20870.6195021
4291,28382.7623741
4292,72764.0076642
4293,129130.08653
4294,67348.0411823
4295,93588.5307159
4296,46170.7004372
4297,111873.070182
4298,299213.316166
4299,38595.0949535
4300,20390.899247
4301,139323.189787
4302,86980.2240253
4303,74943.3190323
4304,116348.45135
4305,38019.054907
4306,55382.7491196
4307,155074.144825
4308,23073.0158662
4309,34163.0755052
4310,85730.3284959
4311,24355.0800135
4312,98833.3057826
4313,183682.156188
4314,141901.866527
4315,38255.7147552
4316,95453.1173062
4317,139773.570265
4318,41363.8272799
4319,66705.0514222
4320,103642.74066
4321,35020.2396029
4322,31226.1410676
4323,70586.6174085
4324,110615.292496
4325,59630.9961683
4326,79797.3381129
4327,87674.8206156
4328,71400.8336432
4329,80798.638827
4330,17634.7811568
4331,169318.217993
4332,85507.1750219
4333,78792.1745499
4334,153771.099337
4335,59914.8566648
4336,65257.7657748
4337,39351.3790296
4338,76796.5744476
4339,27015.7470664
4340,241957.553183
4341,39092.0670641
4342,69313.8600508
4343,62593.3871602
4344,122605.968356
4345,128370.066207
4346,61959.6095268
4347,73950.3453582
4348,72149.222235
4349,72654.4171798
4350,53053.1080514
4351,52856.3709281
4352,36311.7874175
4353,161437.14125
4354,69988.7035937
4355,66277.2547257
4356,30400.8364334
4357,92197.0256818
4358,104890.847065
4359,73549.6663785
4360,91039.9628717
4361,74122.9936372
4362,56139.9579705
4363,49086.041884
4364,76031.1939026
4365,156896.163682
4366,42526.464163
4367,66212.6760778
4368,70053.2590897
4369,37521.6965053
4370,444413.236159
4371,49677.574692
4372,67059.0956915
4373,187701.826149
4374,48828.8703567
4375,85413.5062961
4376,74468.7693032
4377,171107.589431
4378,117044.657724
4379,295623.225204
4380,84519.7436
4381,18415.6153235
4382,133688.076775
4383,29349.8988348
4384,100620.774814
4385,92731.3529039
4386,75461.0236998
4387,79915.4268042
4388,61978.7732325
4389,50054.612647
4390,33088.206033
4391,202896.632798
4392,141037.219318
4393,33623.7199941
4394,68561.477695
4395,57684.2277192
4396,26164.7458982
4397,119153.937869
4398,88008.337663
4399,72084.5747058
4400,190648.935442
4401,119697.712498
4402,33992.2693815
4403,50965.5243014
4404,88795.9800986
4405,276246.489297
4406,20264.4581797
4407,164554.025051
4408,48470.7875615
4409,54343.4724321
4410,65983.2194629
4411,97370.1963037
4412,98296.1345743
4413,60597.3304462
4414,29422.6204443
4415,51020.6692637
4416,57345.8973026
4417,62873.8142785
4418,85388.344513
4419,97703.5868562
4420,16335.5313635
4421,56618.1005717
4422,72641.7034838
4423,108405.944665
4424,48847.850831
4425,207685.115605
4426,176574.739179
4427,68294.8444993
4428,105177.868414
4429,48055.8493881
4430,90102.7579109
4431,75982.8552995
4432,21259.7380427
4433,13169.3787833
4434,48700.2453392
4435,80743.5302964
4436,124757.413883
4437,64186.5847407
4438,6242.1132577
4439,6964.135332
4440,151083.084499
4441,110708.352103
4442,65667.8141865
4443,37775.3529909
4444,63127.8575655
4445,20990.2655499
4446,23274.2049462
4447,94037.318686
4448,34663.5102139
4449,44007.5389834
4450,48522.035245
4451,101953.524237
4452,242188.91911
4453,48188.7934201
4454,51980.4727234
4455,99994.6872677
4456,110932.569116
4457,81538.4333807
4458,69636.781795
4459,110115.629575
4460,64613.404118
4461,73142.6003755
4462,47487.2206832
4463,20038.6129418
4464,53654.3612813
4465,66205.0405576
4466,65090.4939913
4467,98787.1560806
4468,39841.9217219
4469,41667.8259587
4470,44863.5854988
4471,45790.6064805
4472,73104.6802977
4473,46515.6688028
4474,158807.964281
4475,19775.8504018
4476,107366.894383
4477,197999.688314
4478,16743.6045454
4479,55857.2253521
4480,71406.0374779
4481,52330.4160424
4482,22598.7213838
4483,124218.547324
4484,50016.1439707
4485,51329.9276308
4486,18325.3615932
4487,34988.0121768
4488,49805.0284032
4489,105439.176551
4490,67966.9857169
4491,51947.0921718
4492,21959.7055815
4493,17445.4322571
4494,62664.9735784
4495,52447.8099691
4496,75353.2490595
4497,159722.105643
4498,210185.028792
4499,22235.3284214
4500,363487.146067
4501,82773.1455792
4502,157985.19187
4503,20278.1361357
4504,66224.5475851
4505,143348.370196
4506,24929.4303692
4507,227777.733983
4508,46038.5608306
4509,109112.627233
4510,36403.087693
4511,102929.948872
4512,79543.6519498
4513,19481.2652147
4514,123658.416582
4515,69586.046156
4516,65941.3611146
4517,71086.3658793
4518,60888.740062
4519,143689.682705
4520,31298.6779406
4521,92785.1527734
4522,18800.7953542
4523,149656.023153
4524,77589.6285839
4525,63874.4493755
4526,89249.0912472
4527,74955.2171339
4528,147567.750465
4529,92838.179542
4530,175668.319265
4531,28572.3491397
4532,44862.070205
4533,45044.8304291
4534,159560.592965
4535,123163.133055
4536,127792.52991
4537,101222.750131
4538,66832.526073
4539,43484.8324225
4540,62674.8177552
4541,16656.3705581
4542,16587.2146406
4543,44330.6981889
4544,108037.646125
4545,29013.6162458
4546,72455.4607311
4547,43169.2427464
4548,197361.460824
4549,15594.0451521
4550,95676.920086
4551,79031.5910443
4552,71971.0816245
4553,34269.7238865
4554,40773.3738085
4555,71404.1266519
4556,64990.5235527
4557,71795.0082399
4558,41907.0424509
4559,35299.5079899
4560,29585.2307742
4561,21549.366617
4562,64298.9583
4563,54115.1280733
4564,41390.2911247
4565,19581.1179136
4566,71376.2146202
4567,121412.766636
4568,118283.614758
4569,66148.8172855
4570,47995.820144
4571,164317.401637
4572,24128.0130396
4573,69446.9686349
4574,83449.189386
4575,65725.6705635
4576,52382.0946171
4577,24690.8795603
4578,41031.6380144
4579,45817.664855
4580,17380.6408178
4581,104093.205482
4582,109288.310294
4583,141279.691863
4584,178855.260021
4585,97339.4279325
4586,56389.0320993
4587,64231.4603349
4588,63886.0211289
4589,93810.6233067
4590,52887.7797062
4591,47054.6976465
4592,26173.793527
4593,57905.7019081
4594,161632.124804
4595,199720.393968
4596,104732.656286
4597,43631.3064486
4598,92292.646051
4599,54291.713748
4600,47418.4586258
4601,115678.80084
4602,34605.1527526
4603,43379.4131402
4604,116088.945238
4605,35592.9245015
4606,41492.4728953
4607,28164.7266055
4608,77232.1234458
4609,12153.0606691
4610,22153.406861
4611,7159.56421295
4612,18818.0293728
4613,27998.2319717
4614,111895.171244
4615,89616.3111893
4616,103429.89486
4617,57669.956793
4618,154529.242419
4619,6466.46894129
4620,131152.068061
4621,95410.291547
4622,24985.3020429
4623,157478.301672
4624,42419.7004648
4625,117435.383436
4626,55658.7543378
4627,53570.1438224
4628,72380.2640777
4629,120916.171175
4630,249212.873195
4631,37685.15844
4632,52497.0987634
4633,76328.1829619
4634,48788.8652542
4635,62602.4285657
4636,63151.7302232
4637,57290.839062
4638,91542.9506626
4639,20552.8028905
4640,67636.5742192
4641,80533.993683
4642,60696.2615543
4643,100649.901534
4644,178403.096677
4645,47521.3052941
4646,131506.686582
4647,52957.4591623
4648,48855.7267109
4649,87513.3878734
4650,46830.6362733
4651,50235.1031767
4652,177389.278227
4653,44170.3416049
4654,62054.4122636
4655,67651.5038808
4656,201139.58033
4657,23550.0511307
4658,65035.5877452
4659,87380.3027864
4660,72236.9950859
4661,130830.382148
4662,16109.9244179
4663,106445.420202
4664,57307.5120671
4665,74592.7674181
4666,6460.8869228
4667,102248.197679
4668,66204.5548892
4669,21586.3993794
4670,76757.2928267
4671,48101.7796337
4672,38810.1102254
4673,33759.4100285
4674,98067.6061384
4675,45437.5336724
4676,41633.3383331
4677,162295.297909
4678,56112.0882764
4679,62107.1035093
4680,70967.9780003
4681,51644.0572161
4682,63954.1583648
4683,48821.5267305
4684,78601.5758499
4685,93589.049026
4686,95852.5682939
4687,21922.8429743
4688,147039.345797
4689,90051.1621587
4690,79438.7181767
4691,44088.7406067
4692,136618.162746
4693,12820.6601262
4694,54949.1681189
4695,36430.568897
4696,62592.6273558
4697,15098.4625508
4698,89039.1186039
4699,41682.8531608
4700,76109.1433214
4701,192275.09302
4702,17949.9152597
4703,69813.5628633
4704,85704.8253936
4705,56976.719491
4706,105826.879559
4707,141859.157767
4708,123539.426383
4709,18043.3522721
4710,63580.2817419
4711,63650.4446747
4712,48992.8890392
4713,98143.1013493
4714,4613.90105054
4715,12303.1911118
4716,84618.1717256
4717,29588.583062
4718,32069.8825937
4719,13830.9716276
4720,134645.760937
4721,198438.10334
4722,157686.127238
4723,31581.6985936
4724,55195.2493995
4725,248003.15151
4726,56115.3969582
4727,120213.509641
4728,77045.6056336
4729,89345.4334295
4730,58767.7480489
4731,77292.8193363
4732,90888.6719821
4733,63125.8237236
4734,40943.0938202
4735,37908.9581384
4736,33563.3939672
4737,111948.405261
4738,27118.0223046
4739,187648.014179
4740,102668.235804
4741,150846.93293
4742,65059.1522182
4743,31100.3605908
4744,24383.246067
4745,102502.872252
4746,124603.58085
4747,68300.3785022
4748,69935.6097992
4749,173021.747244
4750,85461.9359682
4751,27791.1881214
4752,74802.6691067
4753,58205.7311943
4754,101271.645539
4755,72907.7549468
4756,245416.72042
4757,27495.3070918
4758,67850.6179297
4759,73153.4838518
4760,12936.3653657
4761,43082.1090765
4762,15062.0882309
4763,200699.521845
4764,80866.0796544
4765,85745.849599
4766,64359.949737
4767,49523.4226329
4768,83805.3140661
4769,111086.718348
4770,25109.8989326
4771,27060.045887
4772,272446.106739
4773,80723.793718
4774,76137.0573633
4775,75486.0763429
4776,96964.1084094
4777,99006.1402038
4778,96342.9015721
4779,8957.20821831
4780,100813.225389
4781,75520.3406147
4782,75243.3932601
4783,35049.6456457
4784,171058.082763
4785,125675.227533
4786,78409.4702886
4787,123154.526177
4788,11645.0157851
4789,65741.8336463
4790,116909.391521
4791,203069.11817
4792,61319.6112798
4793,194610.892815
4794,90792.4752765
4795,25774.3029414
4796,95028.3083922
4797,174365.648539
4798,47402.1865165
4799,42757.5045002
4800,14968.7104091
4801,49826.8601723
4802,33817.3282986
4803,95754.1861261
4804,86281.7686656
4805,54705.9380118
4806,174418.667737
4807,171366.473661
4808,408779.419361
4809,18125.3432379
4810,58598.8447101
4811,48027.3982476
4812,43518.0720366
4813,51405.458894
4814,77790.8998988
4815,71232.1782114
4816,257670.747643
4817,51765.0628828
4818,50351.4669093
4819,75370.3765472
4820,77154.4175488
4821,85055.9926615
4822,36404.4603028
4823,178512.867024
4824,54695.6527287
4825,277076.819405
4826,62191.7452021
4827,45182.8809796
4828,116780.759991
4829,68775.1570983
4830,74870.3231464
4831,60599.2555995
4832,183106.237754
4833,64148.1853525
4834,79137.8092219
4835,45574.2580894
4836,130024.54774
4837,23463.8321291
4838,107189.381891
4839,91266.7783021
4840,37815.8376066
4841,40137.7443118
4842,140898.306178
4843,57766.8248384
4844,62532.5529137
4845,112475.206032
4846,94354.8381463
4847,22253.1381136
4848,82606.7681837
4849,259104.253584
4850,42503.2533638
4851,63893.3230371
4852,21936.689736
4853,27255.7061038
4854,45007.9468797
4855,51451.096065
4856,13390.3287592
4857,51035.6510251
4858,150755.867755
4859,74437.2242275
4860,58435.9615373
4861,390209.557293
4862,56243.2297975
4863,43935.9432115
4864,133410.696446
4865,59278.1030727
4866,106797.173931
4867,125574.70672
4868,23406.6191931
4869,168400.97528
4870,156692.933095
4871,47478.1149017
4872,30810.9511925
4873,105257.009703
4874,13072.2495455
4875,107228.744953
4876,117959.337433
4877,33109.0590422
4878,53604.0452624
4879,54849.0632148
4880,42093.6640778
4881,60894.240428
4882,104184.392634
4883,15176.8326513
4884,51098.3573528
4885,97000.8890621
4886,46219.52618
4887,76218.3056709
4888,232549.187949
4889,26422.2288769
4890,31494.7150955
4891,29564.6688405
4892,38401.0497868
4893,177380.565705
4894,119620.407423
4895,21179.0005308
4896,59057.4028676
4897,212556.218492
4898,236460.416873
4899,64554.8960355
4900,59854.9365872
4901,66901.6150609
4902,34126.2035998
4903,66900.628251
4904,98114.1296131
4905,80292.306328
4906,34667.7279567
4907,89397.0823924
4908,52961.8809822
4909,104507.698868
4910,42315.8221928
4911,66452.6052856
4912,54612.2209186
4913,55833.2810221
4914,31517.0532026
4915,163313.240405
4916,70334.2852374
4917,29030.9617658
4918,16026.7598995
4919,98349.3454613
4920,55087.9871818
4921,78508.6105251
4922,88252.6511061
4923,31690.8247513
4924,121385.561403
4925,54679.8791375
4926,57722.1237381
4927,119304.414679
4928,97365.1465581
4929,70366.5427624
4930,186486.450035
4931,35603.5429104
4932,59070.3798434
4933,67250.6140097
4934,104395.330673
4935,15789.1752341
4936,17957.5288154
4937,100141.922663
4938,8002.70036041
4939,51295.8545302
4940,37820.8702026
4941,71282.9016105
4942,34280.3719854
4943,64024.1545818
4944,212362.854823
4945,45255.2328011
4946,21236.3926813
4947,96496.4452782
4948,93202.4825092
4949,28494.1801689
4950,163777.236687
4951,52475.7838756
4952,127638.553798
4953,70550.2856351
4954,79381.9263189
4955,44793.5144295
4956,73346.0662955
4957,44977.4787368
4958,70090.2306416
4959,150005.409481
4960,41659.5510713
4961,77789.9053593
4962,50169.4378111
4963,66838.755934
4964,57765.4658869
4965,92494.0236801
4966,51679.5383268
4967,37910.3881114
4968,56367.0294379
4969,99088.0809132
4970,18077.0328606
4971,85186.3496227
4972,20072.0696842
4973,59669.9237047
4974,66466.2778967
4975,73095.3544568
4976,69434.9857981
4977,22946.9766698
4978,14260.483152
4979,113971.498264
4980,75285.3306889
4981,22598.5103365
4982,80015.2730366
4983,92688.4796503
4984,479543.758901
4985,26233.2389585
4986,80412.1195911
4987,62299.1075645
4988,60920.0794813
4989,123928.172947
4990,49508.7008075
4991,59944.2217999
4992,185755.612758
4993,84404.6349752
4994,34418.9537099
4995,53940.0210065
4996,89970.1296751
4997,31554.7017301
4998,107253.030177
4999,149543.442344
